head_tilt,clavicle_drop_pct,face_lean,shoulder_ear_pct,torso_lean_prc,looking_down_pct,label
0.01439964771270752,0.0018621904516874957,0.03472053445875645,-0.005822511517826726,-0.03879607789271771,-0.04737041672098548,good
0.006966441869735718,0.001219370939146972,0.035641198977828026,-0.021941960569922744,0.33713178012772566,-0.17165054499639334,good
0.0006133317947387695,0.004961433831946128,0.0405051838606596,0.027671750144303325,0.3132465335839597,-0.1647448191970385,good
0.01842305064201355,0.00729201197567372,0.04201446333900094,0.011666854823995945,-0.18635844474635185,-0.29965023515961026,good
0.0011259019374847412,-0.001202852895583451,0.011745661497116089,-0.05014354196286274,-0.03505229333093516,0.44681889670175406,good
0.014414727687835693,0.005808562336341423,0.04595036309910938,-0.00856765249017294,-0.33683187148750404,-0.5373325511818388,good
0.011344224214553833,0.0033590824492625085,0.046676917001605034,-0.010098733535900808,-0.056807400460286296,-0.5706720582901967,moderate
0.0007905364036560059,0.011342320768397715,0.04858117736876011,0.009663406582862584,-0.4492193881500371,-0.6434753702710421,good
0.006019115447998047,0.009736107492738287,0.04187806509435177,0.012957482496246729,0.003859057497911184,-0.2736657527459462,good
0.21844160556793213,0.025778967918039828,0.049547841772437096,-0.006048955863826995,0.42798028575706437,-0.480551447611989,good
0.006563812494277954,0.021699991996687717,0.03174404986202717,0.023433811465335276,-0.05373000803609257,0.06092590779771792,good
0.0038972198963165283,0.011332512193782052,0.04036095645278692,-0.018355413571720835,-0.04868145857131112,-0.007061705834660343,good
0.0038972198963165283,0.011332512193782052,0.04036095645278692,-0.018355413571720835,-0.04868145857131112,-0.007061705834660343,good
0.0038972198963165283,0.011332512193782052,0.04036095645278692,-0.018355413571720835,-0.04868145857131112,-0.007061705834660343,good
0.0038972198963165283,0.011332512193782052,0.04036095645278692,-0.018355413571720835,-0.04868145857131112,-0.007061705834660343,good
0.0038972198963165283,0.011332512193782052,0.04036095645278692,-0.018355413571720835,-0.04868145857131112,-0.007061705834660343,good
0.0038972198963165283,0.011332512193782052,0.04036095645278692,-0.018355413571720835,-0.04868145857131112,-0.007061705834660343,moderate
0.0038972198963165283,0.011332512193782052,0.04036095645278692,-0.018355413571720835,-0.04868145857131112,-0.007061705834660343,moderate
0.0038972198963165283,0.011332512193782052,0.04036095645278692,-0.018355413571720835,-0.04868145857131112,-0.007061705834660343,moderate
0.0038972198963165283,0.011332512193782052,0.04036095645278692,-0.018355413571720835,-0.04868145857131112,-0.007061705834660343,moderate
0.0038972198963165283,0.011332512193782052,0.04036095645278692,-0.018355413571720835,-0.04868145857131112,-0.007061705834660343,bad
0.0038972198963165283,0.011332512193782052,0.04036095645278692,-0.018355413571720835,-0.04868145857131112,-0.007061705834660343,bad
0.0038972198963165283,0.011332512193782052,0.04036095645278692,-0.018355413571720835,-0.04868145857131112,-0.007061705834660343,bad
0.0038972198963165283,0.011332512193782052,0.04036095645278692,-0.018355413571720835,-0.04868145857131112,-0.007061705834660343,bad
0.0024500489234924316,0.0015631788030798252,0.04149671457707882,0.0022112199276868236,-0.029268496539868707,-0.03976498513142957,good
0.00041753053665161133,-0.0016906363900829583,0.04146662261337042,-0.005142256363741445,-0.08781731883327613,-0.05909078101605527,good
0.012320548295974731,0.00637208553633024,0.011065702885389328,-0.058635680898287613,0.13673009149171017,1.195312173370758,good
0.0006719231605529785,-0.0015278002054005737,0.03863409906625748,-0.0224827905400714,-0.25372362609736593,0.1457843762814127,good
0.014468342065811157,0.04575836162337972,0.03267939016222954,-0.017968760714871926,-0.16526558507577546,0.4743645429369702,bad
0.004626423120498657,0.004517099706518041,0.040182855911552906,-0.004831930194680303,0.017311461596574113,-0.0029337579005618924,good
0.004626423120498657,0.004517099706518041,0.040182855911552906,-0.004831930194680303,0.017311461596574113,-0.0029337579005618924,moderate
0.004626423120498657,0.004517099706518041,0.040182855911552906,-0.004831930194680303,0.017311461596574113,-0.0029337579005618924,bad
0.002420663833618164,0.0022295464934393777,0.02485667634755373,0.0007061825782547464,0.031678996614895275,-0.006900256412332926,good
0.0032413601875305176,-0.027663867571691755,0.0266548958607018,-0.023638450866954326,-0.11323023267101853,-0.05220420767058557,good
0.006509691476821899,-0.037949410745343394,0.026681430637836456,0.019668139657535968,-0.003449805833074089,0.09439904255689856,moderate
0.010405242443084717,-0.03767068216905,0.03104674071073532,0.1879070785810808,0.24981844098428674,0.23983999323584404,bad
0.016693830490112305,-0.028877494485263652,0.03240789845585823,0.19695283312622025,0.21766607130832158,0.20353534141490487,bad
0.008770406246185303,0.0004263776146801075,0.025970193557441235,0.002908544819091316,0.0022363038046568835,0.009347666781778835,good
0.0049591064453125,-0.030464338455132654,0.013429621234536171,-0.08873076441831963,1.8830188683662172,0.7989726790046255,good
0.0037145018577575684,-0.02996085133311672,0.02721299370750785,-0.027176261341008607,-0.18030415121829174,-0.18543436180864806,bad
0.006535351276397705,-0.015792562746796128,0.025668327696621418,0.004034804910853691,-0.24701537730754794,-0.10305273282789258,moderate
0.0020477771759033203,-3.1984958434016434e-05,0.017615467309951782,-0.005064843531407947,-0.12407297341185813,0.3997997764691034,good
0.0052430033683776855,-0.008346415982470585,0.018667804077267647,-0.033447501596216525,-0.16965279918319578,0.43812525039935246,good
0.002541959285736084,-0.000994281800208852,0.02608243701979518,-0.02947028536034707,-0.0649956096956747,-0.08769918006396785,good
0.013121277093887329,-0.08561767861704735,0.028669252060353756,0.1295011152912834,0.09037835717712302,0.16091930461357626,good
0.007158815860748291,-0.1173160533139838,0.02808197494596243,0.15675462929521142,0.17931856460702206,0.24262275205385267,bad
0.015099406242370605,0.12133792312596195,0.029124400578439236,0.05605972827483095,0.067581152407669,0.062139687707466806,bad
0.02309626340866089,0.10869962130917765,0.029665770009160042,0.04420101370274581,0.0651416721125846,0.04390844287519043,bad
0.014242291450500488,0.11228651990689643,0.030483090318739414,0.05790306851128943,0.0164890375572082,-0.008326294747285547,bad
0.025213956832885742,0.10462559370419759,0.030312994495034218,0.05569471566276404,0.09358909791313778,0.020278960906691488,bad
0.025187045335769653,0.11579650928171402,0.030093038454651833,0.054839046384202846,0.056528341325515936,0.01865002725444035,bad
0.02839905023574829,0.11174021849364335,0.03117049392312765,0.06358693113411595,0.03582339422087821,-0.07856199484533874,bad
0.029868990182876587,0.11340755380756616,0.031405715737491846,0.057724935035488624,0.12340879681137473,-0.06030688438700444,bad
0.020097553730010986,0.11878814390857692,0.0312928413040936,0.07956577148737157,0.22954587471098212,0.0494463148586115,bad
0.01927044987678528,-0.003258884901472449,0.02471893187612295,-0.0038243283044908038,-0.016897829439061596,0.006429022458077716,good
0.023540586233139038,-0.00038893193939864326,0.025557829067111015,-0.0024647370777217616,0.0004293760147950675,0.010640507140710449,good
0.01732131838798523,0.013829689553799398,0.017793290317058563,0.0385066050139685,1.0838181674866634,0.7988325941206036,bad
0.013474643230438232,-0.0008909472285821335,0.02901243045926094,-0.007757682875917667,0.022305943003721566,-0.03382925633316062,good
0.012690126895904541,-0.0021197706534357708,0.029091482050716877,-0.01098948011063005,0.03796566903905274,-0.04765854894304735,good
0.01922735571861267,-0.012567053696379027,0.02883805613964796,-0.009542473052213852,-0.16661684566036936,0.026415502737985905,good
0.01670357584953308,-0.014975544882009544,0.029502711724489927,-0.025792506240438953,-0.1158579691169007,-0.03053875573650924,good
0.01980951428413391,-0.01133226477831219,0.029730598907917738,-0.04821046543114988,-0.147258409812357,-0.1254431050942802,good
0.02993413805961609,-0.02363082785224056,0.028878511860966682,-0.02750749100721961,-0.24081901980758022,0.038935205534861024,moderate
0.02369743585586548,-0.02287791443166959,0.028723477385938168,-0.02535431910376385,-0.16629712258934254,0.04083429214735848,moderate
0.026980072259902954,-0.02014343460833725,0.029388505034148693,-0.057060255865513165,-0.23182232642649916,-0.0869029127994165,good
0.02803558111190796,0.016351680266314724,0.02597505785524845,0.013653126757477646,0.46196640670053835,0.8281281269782153,moderate
0.022691667079925537,0.01758258309165982,0.027420615777373314,0.010793259737855427,-0.10561879353934304,0.88353961690568,bad
0.02061915397644043,0.012938838643310076,0.03276858292520046,0.017417015185061363,-0.3817738137221944,0.02452286532124351,bad
0.02159029245376587,0.0023659393575631788,0.03134599234908819,0.00195965376841922,-0.38739581401665496,-0.11787598156255548,good
0.009041517972946167,-0.0037896989739057635,0.02909751608967781,-0.00864066705562383,-0.04512267210144982,-0.005923303550757145,good
0.009998887777328491,0.0063254636655079525,0.03233643341809511,-0.002668001901133827,-0.03194709539213628,-0.11781051695164461,good
0.009034425020217896,0.005215583130866098,0.03256699815392494,-0.0056379839817377675,-0.006768632112839676,-0.10953695557296846,good
0.002507448196411133,0.003279342898736965,0.03330706339329481,-0.006018548430739443,-0.058239984038254304,-0.0890581164506121,good
0.002507448196411133,0.003279342898736965,0.03330706339329481,-0.006018548430739443,-0.058239984038254304,-0.0890581164506121,good
0.008094638586044312,0.0055491503062653925,0.023709263652563095,-0.0069421084927739005,0.11776559190957057,0.2978706931211975,moderate
0.009199142456054688,0.047493688867461796,-6.607547402381897e-05,-0.08718404335024382,2.2680521217203164,0.9608985344476085,bad
0.0005074143409729004,-0.004148474894205294,0.03529392648488283,0.01364950332244298,0.05585715252349946,-0.20430688898995922,moderate
0.0018367171287536621,-0.01976579964721567,0.034866827074438334,-0.028969304035076623,-0.05728338045330963,-0.285231763943325,good
0.0023199617862701416,-0.008386275310008521,0.027588196098804474,0.0013634883295917286,-0.04895563735531015,0.1993704215899107,moderate
0.009034901857376099,0.03753124841769502,0.014275282621383667,-0.019438961536255933,0.5179146003457347,0.9263042574731563,bad
0.003137737512588501,-0.012996468059117713,0.030430462211370468,-0.00783770456974624,0.08568839771890714,0.1018422493741449,moderate
0.0009533166885375977,-0.02259519864276856,0.03693988989107311,-0.033383187158349405,-0.05411225414469693,-0.38950322167002965,good
0.01327410340309143,-0.0034740225206807223,0.037866565864533186,0.023544465424394104,-0.042459832178686686,-0.0661762967240206,good
0.005427449941635132,-0.017148975706666906,0.036598360165953636,-0.016595532175352153,0.09084874065262129,-0.10146576474522528,good
0.018651753664016724,0.05578482855319303,0.036013185046613216,-0.0917581756172596,0.18468002459330127,-0.08748313841919349,good
0.006025254726409912,-0.021662238698971444,0.03476986987516284,-0.04643203385733751,0.040871034552494426,-0.016189425573880627,bad
0.009598523378372192,-0.09303062249224328,0.03313103457912803,-0.06645201372374614,-0.20636476611073537,-0.03895773546652211,bad
0.008532196283340454,-0.10107462580653633,0.03331104014068842,-0.08050074429252427,-0.2550219795303435,-0.06874267009487661,bad
0.005865693092346191,0.002385970544977387,0.029927344992756844,0.013692817032503312,0.07987177608559522,0.049747629678095866,good
0.005865693092346191,0.002385970544977387,0.029927344992756844,0.013692817032503312,0.07987177608559522,0.049747629678095866,good
0.00042426586151123047,0.001101677792987136,0.028955108486115932,0.0053855235192075655,0.0876629704872031,0.06214839409198522,good
0.00042426586151123047,0.001101677792987136,0.028955108486115932,0.0053855235192075655,0.0876629704872031,0.06214839409198522,good
0.0005685389041900635,0.005344074709465815,0.029044179245829582,0.011343994738528743,0.073548610315415,0.022929413690912188,good
0.0005685389041900635,0.005344074709465815,0.029044179245829582,0.011343994738528743,0.073548610315415,0.022929413690912188,good
0.0005685389041900635,0.005344074709465815,0.029044179245829582,0.011343994738528743,0.073548610315415,0.022929413690912188,moderate
0.0005685389041900635,0.005344074709465815,0.029044179245829582,0.011343994738528743,0.073548610315415,0.022929413690912188,bad
0.0005685389041900635,0.005344074709465815,0.029044179245829582,0.011343994738528743,0.073548610315415,0.022929413690912188,moderate
0.0005685389041900635,0.005344074709465815,0.029044179245829582,0.011343994738528743,0.073548610315415,0.022929413690912188,good
0.0005685389041900635,0.005344074709465815,0.029044179245829582,0.011343994738528743,0.073548610315415,0.022929413690912188,moderate
0.0005685389041900635,0.005344074709465815,0.029044179245829582,0.011343994738528743,0.073548610315415,0.022929413690912188,bad
0.0005685389041900635,0.005344074709465815,0.029044179245829582,0.011343994738528743,0.073548610315415,0.022929413690912188,moderate
0.0005685389041900635,0.005344074709465815,0.029044179245829582,0.011343994738528743,0.073548610315415,0.022929413690912188,good
0.0005685389041900635,0.005344074709465815,0.029044179245829582,0.011343994738528743,0.073548610315415,0.022929413690912188,moderate
0.0005685389041900635,0.005344074709465815,0.029044179245829582,0.011343994738528743,0.073548610315415,0.022929413690912188,bad
0.0005685389041900635,0.005344074709465815,0.029044179245829582,0.011343994738528743,0.073548610315415,0.022929413690912188,moderate
0.0005685389041900635,0.005344074709465815,0.029044179245829582,0.011343994738528743,0.073548610315415,0.022929413690912188,good
0.006395965814590454,0.014909104587081536,0.03297608532011509,0.021770578594244996,0.0304545327269141,-0.0046577224077957585,good
0.0030717551708221436,-0.001328193695411365,0.03301413170993328,0.001731865294179802,0.08536250608605371,-0.03615263894676271,good
0.0015998482704162598,0.019416944004490146,0.03250096179544926,0.0617188027457851,0.21126389630161868,0.24385936826245105,moderate
0.004678696393966675,0.09160645593834736,0.02193830907344818,0.1445847304173722,0.2343016717690533,0.7930303956594063,bad
0.004861950874328613,-0.03165333522436566,0.034671018831431866,0.037326627287302176,0.28416793297298737,0.19023306022394942,bad
0.0014321208000183105,-0.0337102644074584,0.03695110674016178,-0.03478760494331374,0.12032465823342471,-0.2852038388962996,bad
0.002003610134124756,0.02590037040547828,0.03471960220485926,0.08238430868109448,0.0791223340311556,0.1366453202515672,bad
0.0055713951587677,-0.04374333206129764,0.03539934987202287,-0.06532529009969734,0.028971047536956028,-0.21623295026600337,good
0.0034469962120056152,0.005674319641904452,0.032462943345308304,0.059820158884685205,0.41314506345993646,0.2086009764923254,moderate
0.0008498430252075195,0.0011821739267845392,0.033416468650102615,-0.005320756329184982,-0.05135412080620874,0.014528937632714926,good
0.003570258617401123,-0.00021109800629776966,0.03432030323892832,-0.004170331737737209,-0.14746283516969835,-0.06677985650006973,good
0.0009106695652008057,0.01230004159826391,0.02909921482205391,0.005952497907380064,0.05983209508696211,0.31926918231425583,moderate
0.001303941011428833,0.06008689061396937,0.015879876911640167,-0.0003335586676923559,0.27679461215815826,1.0126247947520162,bad
0.003335416316986084,-0.010899642880968802,0.038525937707163393,-0.007571877538225243,-0.176722762075431,-0.222967820986077,good
0.0032244324684143066,0.04967237386508579,0.027846848592162132,0.04636925609267983,0.11189667040969495,0.5581534441756894,moderate
0.0019434094429016113,0.10300117928046829,0.012698151171207428,0.05308689315125666,0.129767994586502,1.3169451080808108,bad
0.0025233328342437744,-0.01745792869406834,0.034108961932361126,-0.0036769751768767705,-0.010412395270394425,0.016942346787521923,moderate
0.0014631450176239014,-0.02109873804774392,0.039080923597794026,-0.009343715572573578,-0.20893125277791527,-0.2987041518305761,good
8.210539817810059e-05,0.03526649447717317,0.024020513519644737,0.01500039893114326,0.28952631210834745,0.692697278171476,moderate
0.009398698806762695,0.09347119057037152,0.008765343576669693,0.020338646922825894,-0.1316365316043337,1.3965272519581966,bad
0.011495232582092285,0.06791095469317322,0.017370149493217468,0.05696439500264877,0.1250028099208106,0.9657461391074926,bad
0.013765484094619751,0.0037183121468302104,0.02987675555050373,0.0038285025773572177,-0.12581215473833163,0.01801666847506639,good
1.0669231414794922e-05,-0.01312749642971833,0.03340841759927571,0.026229554097236242,0.15744804495649578,-0.20945432300598524,good
1.0669231414794922e-05,-0.01312749642971833,0.03340841759927571,0.026229554097236242,0.15744804495649578,-0.20945432300598524,good
1.0669231414794922e-05,-0.01312749642971833,0.03340841759927571,0.026229554097236242,0.15744804495649578,-0.20945432300598524,moderate
1.0669231414794922e-05,-0.01312749642971833,0.03340841759927571,0.026229554097236242,0.15744804495649578,-0.20945432300598524,bad
1.0669231414794922e-05,-0.01312749642971833,0.03340841759927571,0.026229554097236242,0.15744804495649578,-0.20945432300598524,moderate
1.0669231414794922e-05,-0.01312749642971833,0.03340841759927571,0.026229554097236242,0.15744804495649578,-0.20945432300598524,good
1.0669231414794922e-05,-0.01312749642971833,0.03340841759927571,0.026229554097236242,0.15744804495649578,-0.20945432300598524,moderate
1.0669231414794922e-05,-0.01312749642971833,0.03340841759927571,0.026229554097236242,0.15744804495649578,-0.20945432300598524,bad
1.0669231414794922e-05,-0.01312749642971833,0.03340841759927571,0.026229554097236242,0.15744804495649578,-0.20945432300598524,moderate
1.0669231414794922e-05,-0.01312749642971833,0.03340841759927571,0.026229554097236242,0.15744804495649578,-0.20945432300598524,good
1.0669231414794922e-05,-0.01312749642971833,0.03340841759927571,0.026229554097236242,0.15744804495649578,-0.20945432300598524,bad
1.0669231414794922e-05,-0.01312749642971833,0.03340841759927571,0.026229554097236242,0.15744804495649578,-0.20945432300598524,good
1.0669231414794922e-05,-0.01312749642971833,0.03340841759927571,0.026229554097236242,0.15744804495649578,-0.20945432300598524,moderate
1.0669231414794922e-05,-0.01312749642971833,0.03340841759927571,0.026229554097236242,0.15744804495649578,-0.20945432300598524,bad
1.0669231414794922e-05,-0.01312749642971833,0.03340841759927571,0.026229554097236242,0.15744804495649578,-0.20945432300598524,good
1.0669231414794922e-05,-0.01312749642971833,0.03340841759927571,0.026229554097236242,0.15744804495649578,-0.20945432300598524,moderate
1.0669231414794922e-05,-0.01312749642971833,0.03340841759927571,0.026229554097236242,0.15744804495649578,-0.20945432300598524,bad
1.0669231414794922e-05,-0.01312749642971833,0.03340841759927571,0.026229554097236242,0.15744804495649578,-0.20945432300598524,moderate
1.0669231414794922e-05,-0.01312749642971833,0.03340841759927571,0.026229554097236242,0.15744804495649578,-0.20945432300598524,good
1.0669231414794922e-05,-0.01312749642971833,0.03340841759927571,0.026229554097236242,0.15744804495649578,-0.20945432300598524,moderate
1.0669231414794922e-05,-0.01312749642971833,0.03340841759927571,0.026229554097236242,0.15744804495649578,-0.20945432300598524,bad
1.0669231414794922e-05,-0.01312749642971833,0.03340841759927571,0.026229554097236242,0.15744804495649578,-0.20945432300598524,moderate
1.0669231414794922e-05,-0.01312749642971833,0.03340841759927571,0.026229554097236242,0.15744804495649578,-0.20945432300598524,good
1.0669231414794922e-05,-0.01312749642971833,0.03340841759927571,0.026229554097236242,0.15744804495649578,-0.20945432300598524,moderate
1.0669231414794922e-05,-0.01312749642971833,0.03340841759927571,0.026229554097236242,0.15744804495649578,-0.20945432300598524,bad
1.0669231414794922e-05,-0.01312749642971833,0.03340841759927571,0.026229554097236242,0.15744804495649578,-0.20945432300598524,moderate
1.0669231414794922e-05,-0.01312749642971833,0.03340841759927571,0.026229554097236242,0.15744804495649578,-0.20945432300598524,good
1.0669231414794922e-05,-0.01312749642971833,0.03340841759927571,0.026229554097236242,0.15744804495649578,-0.20945432300598524,moderate
1.0669231414794922e-05,-0.01312749642971833,0.03340841759927571,0.026229554097236242,0.15744804495649578,-0.20945432300598524,bad
1.0669231414794922e-05,-0.01312749642971833,0.03340841759927571,0.026229554097236242,0.15744804495649578,-0.20945432300598524,moderate
1.0669231414794922e-05,-0.01312749642971833,0.03340841759927571,0.026229554097236242,0.15744804495649578,-0.20945432300598524,good
1.0669231414794922e-05,-0.01312749642971833,0.03340841759927571,0.026229554097236242,0.15744804495649578,-0.20945432300598524,moderate
1.0669231414794922e-05,-0.01312749642971833,0.03340841759927571,0.026229554097236242,0.15744804495649578,-0.20945432300598524,bad
0.00855228304862976,0.0017940422056150218,0.02878836402669549,0.0008024558027741278,-0.027868646388028724,-0.01789566900238993,good
0.00855228304862976,0.0017940422056150218,0.02878836402669549,0.0008024558027741278,-0.027868646388028724,-0.01789566900238993,moderate
0.00855228304862976,0.0017940422056150218,0.02878836402669549,0.0008024558027741278,-0.027868646388028724,-0.01789566900238993,bad
0.00855228304862976,0.0017940422056150218,0.02878836402669549,0.0008024558027741278,-0.027868646388028724,-0.01789566900238993,moderate
0.00855228304862976,0.0017940422056150218,0.02878836402669549,0.0008024558027741278,-0.027868646388028724,-0.01789566900238993,good
0.001170039176940918,0.05052798364232556,0.020725443959236145,0.11409165539218362,0.17756720435619444,0.7770681191100708,moderate
0.0023519694805145264,-0.008273283809470955,0.03041244321502745,-0.020744072734148696,-0.26588527245476695,-0.3871419998983717,good
0.003318220376968384,0.03769509858424001,0.024318967014551163,0.1143784896584302,0.10235743258593162,0.547284523690294,moderate
0.0033689141273498535,-0.015563519530177733,0.029860478942282498,-0.04132990877648183,-0.08293793306907259,-0.34861570021162713,good
0.0013125240802764893,0.01068459819354567,0.027079888619482517,0.03260914785579507,-0.06915450381575687,0.16331604715130538,good
0.016232788562774658,0.12817112171962244,0.0039041750133037567,0.00673720578611892,0.14674954601369763,1.429757376853935,bad
0.004569113254547119,0.003084028155406694,0.030737734865397215,-0.03144047274436891,-0.3136391466536731,-0.3618630855276421,good
0.0026698410511016846,0.01997331237305235,0.025517568923532963,0.01291441937622187,-0.05495204848032043,0.20272190784784747,moderate
0.009264945983886719,0.035251482761576705,0.02134157158434391,0.026582548373285705,-0.037468326923507086,0.49259237633838293,moderate
0.008857369422912598,0.047933685036482675,0.016151612624526024,0.01648561940252587,0.09763340899785779,0.8982382767689101,moderate
0.009379029273986816,0.08798261407046037,0.012078264728188515,0.058690785271595824,0.10274914685302965,1.0768184380287482,moderate
0.009519398212432861,0.11967251180131247,0.01005135104060173,-0.02081753053531784,2.2294413766169496,1.4398946038901537,bad
0.002611607313156128,-0.028131030503482965,0.0303963151818607,-0.014710414998937741,-0.27540628539700085,-0.17910201820010382,bad
0.0012684464454650879,0.008157856413967275,0.02846455853432417,-0.03776012284751481,-0.17910610173849126,-0.23620271163412604,good
0.0007691681385040283,0.009087500464586139,0.02753788372501731,-0.03674578640005316,-0.13401148658013365,-0.08563943251936541,good
0.001126706600189209,0.018439306507701893,0.028219071682542562,0.00361495267384888,-0.07798110532560651,0.0027463932026518573,good
0.0008536577224731445,0.034428260125205515,0.027903579641133547,0.04341750622100793,-0.03224273764112854,0.14474725408194833,good
0.0009690821170806885,0.04858646257670382,0.027300781570374966,0.0745816178422535,-0.01913561998034329,0.2509913505062185,moderate
0.0019069314002990723,0.05555774466076534,0.02523532696068287,0.10132942601611179,0.07059491508784554,0.494390957679691,moderate
0.0014411509037017822,0.07017102387125561,0.023274963721632957,0.09974347243849455,0.1544362068968785,0.628991286415771,moderate
0.004703640937805176,0.07259938116936608,0.023411275818943977,0.09440411944928484,-0.03492770507906408,0.6749262646863438,moderate
0.0025959908962249756,0.08013864532895815,0.019993752241134644,0.08093265889466654,-0.009752473568622353,0.9050876512894894,bad
0.010902881622314453,0.10722237110720123,0.011784441769123077,0.06600836226782449,-0.10852014507975742,1.2251887971613393,bad
0.0009440779685974121,0.011806080335298341,0.027752827387303114,-0.03474105513950448,-0.24310646194364738,-0.14900702997022838,good
0.0075560808181762695,0.046759205729298384,0.008531732484698296,-0.18915284406998686,-0.4407220254574527,0.20889818271288274,bad
0.002421468496322632,0.009424546906426365,0.028213378187501803,-0.05154048730712831,-0.41415728274080166,-0.34597039819923764,good
0.002421468496322632,0.009424546906426365,0.028213378187501803,-0.05154048730712831,-0.41415728274080166,-0.34597039819923764,good
0.002421468496322632,0.009424546906426365,0.028213378187501803,-0.05154048730712831,-0.41415728274080166,-0.34597039819923764,moderate
0.002421468496322632,0.009424546906426365,0.028213378187501803,-0.05154048730712831,-0.41415728274080166,-0.34597039819923764,moderate
0.002421468496322632,0.009424546906426365,0.028213378187501803,-0.05154048730712831,-0.41415728274080166,-0.34597039819923764,moderate
0.002421468496322632,0.009424546906426365,0.028213378187501803,-0.05154048730712831,-0.41415728274080166,-0.34597039819923764,moderate
0.002421468496322632,0.009424546906426365,0.028213378187501803,-0.05154048730712831,-0.41415728274080166,-0.34597039819923764,bad
0.002421468496322632,0.009424546906426365,0.028213378187501803,-0.05154048730712831,-0.41415728274080166,-0.34597039819923764,bad
0.002421468496322632,0.009424546906426365,0.028213378187501803,-0.05154048730712831,-0.41415728274080166,-0.34597039819923764,bad
0.002421468496322632,0.009424546906426365,0.028213378187501803,-0.05154048730712831,-0.41415728274080166,-0.34597039819923764,bad
0.002421468496322632,0.009424546906426365,0.028213378187501803,-0.05154048730712831,-0.41415728274080166,-0.34597039819923764,bad
0.002421468496322632,0.009424546906426365,0.028213378187501803,-0.05154048730712831,-0.41415728274080166,-0.34597039819923764,bad
0.002421468496322632,0.009424546906426365,0.028213378187501803,-0.05154048730712831,-0.41415728274080166,-0.34597039819923764,good
0.002421468496322632,0.009424546906426365,0.028213378187501803,-0.05154048730712831,-0.41415728274080166,-0.34597039819923764,moderate
0.002421468496322632,0.009424546906426365,0.028213378187501803,-0.05154048730712831,-0.41415728274080166,-0.34597039819923764,moderate
0.002421468496322632,0.009424546906426365,0.028213378187501803,-0.05154048730712831,-0.41415728274080166,-0.34597039819923764,bad
0.002421468496322632,0.009424546906426365,0.028213378187501803,-0.05154048730712831,-0.41415728274080166,-0.34597039819923764,bad
0.002421468496322632,0.009424546906426365,0.028213378187501803,-0.05154048730712831,-0.41415728274080166,-0.34597039819923764,good
0.002421468496322632,0.009424546906426365,0.028213378187501803,-0.05154048730712831,-0.41415728274080166,-0.34597039819923764,moderate
0.002421468496322632,0.009424546906426365,0.028213378187501803,-0.05154048730712831,-0.41415728274080166,-0.34597039819923764,moderate
0.002421468496322632,0.009424546906426365,0.028213378187501803,-0.05154048730712831,-0.41415728274080166,-0.34597039819923764,bad
0.002421468496322632,0.009424546906426365,0.028213378187501803,-0.05154048730712831,-0.41415728274080166,-0.34597039819923764,bad
0.002421468496322632,0.009424546906426365,0.028213378187501803,-0.05154048730712831,-0.41415728274080166,-0.34597039819923764,good
0.002421468496322632,0.009424546906426365,0.028213378187501803,-0.05154048730712831,-0.41415728274080166,-0.34597039819923764,moderate
0.002421468496322632,0.009424546906426365,0.028213378187501803,-0.05154048730712831,-0.41415728274080166,-0.34597039819923764,moderate
0.002421468496322632,0.009424546906426365,0.028213378187501803,-0.05154048730712831,-0.41415728274080166,-0.34597039819923764,bad
0.002421468496322632,0.009424546906426365,0.028213378187501803,-0.05154048730712831,-0.41415728274080166,-0.34597039819923764,bad
0.002421468496322632,0.009424546906426365,0.028213378187501803,-0.05154048730712831,-0.41415728274080166,-0.34597039819923764,bad
0.002421468496322632,0.009424546906426365,0.028213378187501803,-0.05154048730712831,-0.41415728274080166,-0.34597039819923764,moderate
0.002421468496322632,0.009424546906426365,0.028213378187501803,-0.05154048730712831,-0.41415728274080166,-0.34597039819923764,moderate
0.002421468496322632,0.009424546906426365,0.028213378187501803,-0.05154048730712831,-0.41415728274080166,-0.34597039819923764,good
0.0048916637897491455,0.021204321990030372,0.026308760978281498,0.0007347776044977215,-0.3535631715762027,-0.15226509706238125,good
0.004576772451400757,0.035050248835985426,0.026096004992723465,0.0567386990668859,-0.019535101688929298,0.07329966042559696,good
0.010222375392913818,0.05249990527976632,0.01943056844174862,0.10739035385950185,-0.04053490928291983,0.668261457960874,moderate
0.009491056203842163,0.06751996200104568,0.01721833273768425,0.12204102089687537,-0.2919821357272167,0.8786208840470623,moderate
0.004188865423202515,0.0944795229917061,0.007282193750143051,0.06071976708492272,0.3007747872235483,1.6754132935005868,bad
0.008493900299072266,0.014190719825147993,0.028891669819131494,0.011197369637850356,-0.3448949559568842,-0.41483047865628897,bad
0.02505478262901306,-0.001840980956560915,0.02541128220036626,-0.037734472598093864,-0.45944671571088336,-0.01840253035420087,good
0.010658353567123413,0.055067755818599094,0.028368483297526836,0.026134435745181928,0.22314100063322737,-0.15586495362678843,good
0.010658353567123413,0.055067755818599094,0.028368483297526836,0.026134435745181928,0.22314100063322737,-0.15586495362678843,good
0.010658353567123413,0.055067755818599094,0.028368483297526836,0.026134435745181928,0.22314100063322737,-0.15586495362678843,good
0.010658353567123413,0.055067755818599094,0.028368483297526836,0.026134435745181928,0.22314100063322737,-0.15586495362678843,moderate
0.010658353567123413,0.055067755818599094,0.028368483297526836,0.026134435745181928,0.22314100063322737,-0.15586495362678843,moderate
0.010658353567123413,0.055067755818599094,0.028368483297526836,0.026134435745181928,0.22314100063322737,-0.15586495362678843,moderate
0.010658353567123413,0.055067755818599094,0.028368483297526836,0.026134435745181928,0.22314100063322737,-0.15586495362678843,moderate
0.010658353567123413,0.055067755818599094,0.028368483297526836,0.026134435745181928,0.22314100063322737,-0.15586495362678843,bad
0.010658353567123413,0.055067755818599094,0.028368483297526836,0.026134435745181928,0.22314100063322737,-0.15586495362678843,bad
0.010658353567123413,0.055067755818599094,0.028368483297526836,0.026134435745181928,0.22314100063322737,-0.15586495362678843,bad
0.010658353567123413,0.055067755818599094,0.028368483297526836,0.026134435745181928,0.22314100063322737,-0.15586495362678843,bad
0.010658353567123413,0.055067755818599094,0.028368483297526836,0.026134435745181928,0.22314100063322737,-0.15586495362678843,bad
0.010658353567123413,0.055067755818599094,0.028368483297526836,0.026134435745181928,0.22314100063322737,-0.15586495362678843,moderate
0.010658353567123413,0.055067755818599094,0.028368483297526836,0.026134435745181928,0.22314100063322737,-0.15586495362678843,moderate
0.010658353567123413,0.055067755818599094,0.028368483297526836,0.026134435745181928,0.22314100063322737,-0.15586495362678843,moderate
0.010658353567123413,0.055067755818599094,0.028368483297526836,0.026134435745181928,0.22314100063322737,-0.15586495362678843,moderate
0.010658353567123413,0.055067755818599094,0.028368483297526836,0.026134435745181928,0.22314100063322737,-0.15586495362678843,good
0.010658353567123413,0.055067755818599094,0.028368483297526836,0.026134435745181928,0.22314100063322737,-0.15586495362678843,good
0.010658353567123413,0.055067755818599094,0.028368483297526836,0.026134435745181928,0.22314100063322737,-0.15586495362678843,good
0.010658353567123413,0.055067755818599094,0.028368483297526836,0.026134435745181928,0.22314100063322737,-0.15586495362678843,good
0.010658353567123413,0.055067755818599094,0.028368483297526836,0.026134435745181928,0.22314100063322737,-0.15586495362678843,good
0.010658353567123413,0.055067755818599094,0.028368483297526836,0.026134435745181928,0.22314100063322737,-0.15586495362678843,bad
0.010658353567123413,0.055067755818599094,0.028368483297526836,0.026134435745181928,0.22314100063322737,-0.15586495362678843,bad
0.010658353567123413,0.055067755818599094,0.028368483297526836,0.026134435745181928,0.22314100063322737,-0.15586495362678843,moderate
0.010658353567123413,0.055067755818599094,0.028368483297526836,0.026134435745181928,0.22314100063322737,-0.15586495362678843,moderate
0.010658353567123413,0.055067755818599094,0.028368483297526836,0.026134435745181928,0.22314100063322737,-0.15586495362678843,bad
0.010658353567123413,0.055067755818599094,0.028368483297526836,0.026134435745181928,0.22314100063322737,-0.15586495362678843,bad
0.010658353567123413,0.055067755818599094,0.028368483297526836,0.026134435745181928,0.22314100063322737,-0.15586495362678843,moderate
0.010658353567123413,0.055067755818599094,0.028368483297526836,0.026134435745181928,0.22314100063322737,-0.15586495362678843,good
0.0067938268184661865,0.07177081312304975,0.0220421040430665,0.1007413778772743,0.295096274337132,0.38337161179188756,good
0.0032356977462768555,0.05907134513381589,0.028490805299952626,0.03154709219030045,0.1621820489889745,-0.2401393513225586,moderate
0.012329161167144775,0.009206318786949188,0.03147473162971437,0.1365244907055255,0.3011733926835885,-0.15470067355210365,good
0.011849701404571533,-0.0025979583924194724,0.026394331827759743,-0.005585488148111073,0.07462814632589006,0.002077047276234421,good
0.009917229413986206,0.008136661009041323,0.0176358912140131,0.020336953284086617,0.14064218555751695,0.3899762244820777,moderate
0.009074687957763672,0.06051623927241113,0.026737434323877096,-0.020303287031392375,0.019564957568305275,-0.23835690862967712,good
0.014438867568969727,0.0009429521582114965,0.023386665619909763,-0.006925505858200115,-0.003921508716804674,-0.0022951552621719813,good
0.014556795358657837,0.011637431055316557,0.02200839016586542,0.001741209749492661,-0.18983950306039016,0.061882279165229245,good
0.01293918490409851,0.00978408124442188,0.022250519134104252,-0.015326724704099421,-0.14550376290341088,-0.007737827072347447,good
0.04727557301521301,0.026170732638728204,0.03176286694360897,0.039725014895943545,-0.004252875407967936,-0.4113514039259796,bad
0.0046541690826416016,-0.0016025010107137774,0.0200207382440567,-0.008534838825649404,-0.09560207810440198,-0.007775942802789847,good
0.006951689720153809,0.009547299543850842,0.019547649659216404,0.015637668900391942,-0.23437021952180306,-0.1621614888101939,good
0.001043468713760376,0.039114316123458434,0.019416424445807934,0.00020135859942315768,-0.4115169859330516,-0.20864799078816804,bad
0.0017021000385284424,0.038938076468300414,0.020971185993403196,0.016584391321493263,-0.10959580972454384,-0.2662453074766711,bad
0.0003638267517089844,0.03146812058519974,0.0139688141644001,-0.02761224555599779,0.9092275472584475,0.19585813174587816,bad
0.0043988823890686035,0.03347046853338418,0.01356084831058979,-0.008836718943247033,0.24092002214689895,0.2102024014652139,bad
0.01903444528579712,0.021556422043230567,0.006348840892314911,-0.3614313415487332,5.505498451911536,0.4734121865516036,moderate
0.013067185878753662,0.026641120445643093,0.00632869079709053,-0.31294483345839064,2.8755878787146383,0.5522979987030656,bad
0.011833488941192627,0.04763286108452856,0.006259923800826073,-0.3209314436542041,2.2554708807984016,0.4219077591669861,bad
0.01083633303642273,-0.00483415477962237,0.021174241788685322,-0.009348307416761339,-0.014973087644093816,-0.024259935162607695,good
0.004883855581283569,0.0019195633604892027,0.018976639956235886,0.020640234713745268,0.11131221191909373,0.0640061784348234,good
0.004698991775512695,0.020591450736400486,0.023356830701231956,-0.027073046990980665,-0.18300427458843171,-0.19374319368633536,good
0.0016763806343078613,0.023628766388819777,0.021053100936114788,-0.028966877766707456,-0.38879354440439257,-0.07144276092684573,moderate
0.012097835540771484,0.021900805217287704,0.022233488969504833,-0.0034608087014003164,0.03222852896172337,0.034059180791811645,good
0.008028537034988403,0.028193765463975867,0.021375632844865322,0.017858623998743148,0.1840979491038651,0.023361891404115678,good
0.001078873872756958,0.05567992181142078,0.011463485658168793,-0.052379568249425024,-0.13282566506119903,0.43946677229888936,bad
0.011881321668624878,0.0026010086496793265,0.015604330226778984,-0.000835865453249624,-0.14989703946961008,-0.10818670412830354,good
0.01252049207687378,0.007935347625455799,0.014607591554522514,-0.0006111796570908425,-0.07447100398097474,0.038090855596664655,good
0.013131886720657349,-0.0101331094680956,0.013113601133227348,-0.051134104884533745,0.8817256487322239,0.07352176918697281,moderate
0.013131886720657349,-0.0101331094680956,0.013113601133227348,-0.051134104884533745,0.8817256487322239,0.07352176918697281,moderate
0.013131886720657349,-0.0101331094680956,0.013113601133227348,-0.051134104884533745,0.8817256487322239,0.07352176918697281,bad
0.00978761911392212,-0.08635027445882298,0.009742360562086105,-0.10183603672069844,0.8370097911806043,0.1712775147773703,moderate
0.00978761911392212,-0.08635027445882298,0.009742360562086105,-0.10183603672069844,0.8370097911806043,0.1712775147773703,moderate
0.00978761911392212,-0.08635027445882298,0.009742360562086105,-0.10183603672069844,0.8370097911806043,0.1712775147773703,good
0.00978761911392212,-0.08635027445882298,0.009742360562086105,-0.10183603672069844,0.8370097911806043,0.1712775147773703,good
0.00978761911392212,-0.08635027445882298,0.009742360562086105,-0.10183603672069844,0.8370097911806043,0.1712775147773703,moderate
0.00978761911392212,-0.08635027445882298,0.009742360562086105,-0.10183603672069844,0.8370097911806043,0.1712775147773703,moderate
0.00978761911392212,-0.08635027445882298,0.009742360562086105,-0.10183603672069844,0.8370097911806043,0.1712775147773703,bad
0.00978761911392212,-0.08635027445882298,0.009742360562086105,-0.10183603672069844,0.8370097911806043,0.1712775147773703,bad
0.00978761911392212,-0.08635027445882298,0.009742360562086105,-0.10183603672069844,0.8370097911806043,0.1712775147773703,bad
0.00978761911392212,-0.08635027445882298,0.009742360562086105,-0.10183603672069844,0.8370097911806043,0.1712775147773703,moderate
0.00978761911392212,-0.08635027445882298,0.009742360562086105,-0.10183603672069844,0.8370097911806043,0.1712775147773703,moderate
0.00978761911392212,-0.08635027445882298,0.009742360562086105,-0.10183603672069844,0.8370097911806043,0.1712775147773703,moderate
0.00978761911392212,-0.08635027445882298,0.009742360562086105,-0.10183603672069844,0.8370097911806043,0.1712775147773703,good
0.00978761911392212,-0.08635027445882298,0.009742360562086105,-0.10183603672069844,0.8370097911806043,0.1712775147773703,bad
0.00978761911392212,-0.08635027445882298,0.009742360562086105,-0.10183603672069844,0.8370097911806043,0.1712775147773703,bad
0.00978761911392212,-0.08635027445882298,0.009742360562086105,-0.10183603672069844,0.8370097911806043,0.1712775147773703,moderate
0.00978761911392212,-0.08635027445882298,0.009742360562086105,-0.10183603672069844,0.8370097911806043,0.1712775147773703,good
0.00978761911392212,-0.08635027445882298,0.009742360562086105,-0.10183603672069844,0.8370097911806043,0.1712775147773703,good
0.00978761911392212,-0.08635027445882298,0.009742360562086105,-0.10183603672069844,0.8370097911806043,0.1712775147773703,moderate
0.00978761911392212,-0.08635027445882298,0.009742360562086105,-0.10183603672069844,0.8370097911806043,0.1712775147773703,good
0.00978761911392212,-0.08635027445882298,0.009742360562086105,-0.10183603672069844,0.8370097911806043,0.1712775147773703,moderate
0.00978761911392212,-0.08635027445882298,0.009742360562086105,-0.10183603672069844,0.8370097911806043,0.1712775147773703,moderate
0.00978761911392212,-0.08635027445882298,0.009742360562086105,-0.10183603672069844,0.8370097911806043,0.1712775147773703,moderate
0.00978761911392212,-0.08635027445882298,0.009742360562086105,-0.10183603672069844,0.8370097911806043,0.1712775147773703,good
0.008484944701194763,-0.004172943883497639,0.023037022911012173,-0.003895713481426198,-0.006606873376072932,0.011302153428952466,good
0.004800140857696533,-0.0023899208899213586,0.02326753456145525,-0.012183393721601451,-0.2807712287465695,-0.010518226653490025,good
0.004800140857696533,-0.0023899208899213586,0.02326753456145525,-0.012183393721601451,-0.2807712287465695,-0.010518226653490025,good
0.004800140857696533,-0.0023899208899213586,0.02326753456145525,-0.012183393721601451,-0.2807712287465695,-0.010518226653490025,good
0.004800140857696533,-0.0023899208899213586,0.02326753456145525,-0.012183393721601451,-0.2807712287465695,-0.010518226653490025,moderate
0.004800140857696533,-0.0023899208899213586,0.02326753456145525,-0.012183393721601451,-0.2807712287465695,-0.010518226653490025,moderate
0.004800140857696533,-0.0023899208899213586,0.02326753456145525,-0.012183393721601451,-0.2807712287465695,-0.010518226653490025,moderate
0.004800140857696533,-0.0023899208899213586,0.02326753456145525,-0.012183393721601451,-0.2807712287465695,-0.010518226653490025,bad
0.004800140857696533,-0.0023899208899213586,0.02326753456145525,-0.012183393721601451,-0.2807712287465695,-0.010518226653490025,bad
0.004800140857696533,-0.0023899208899213586,0.02326753456145525,-0.012183393721601451,-0.2807712287465695,-0.010518226653490025,bad
0.004800140857696533,-0.0023899208899213586,0.02326753456145525,-0.012183393721601451,-0.2807712287465695,-0.010518226653490025,moderate
0.004800140857696533,-0.0023899208899213586,0.02326753456145525,-0.012183393721601451,-0.2807712287465695,-0.010518226653490025,good
0.004800140857696533,-0.0023899208899213586,0.02326753456145525,-0.012183393721601451,-0.2807712287465695,-0.010518226653490025,good
0.004800140857696533,-0.0023899208899213586,0.02326753456145525,-0.012183393721601451,-0.2807712287465695,-0.010518226653490025,good
0.004800140857696533,-0.0023899208899213586,0.02326753456145525,-0.012183393721601451,-0.2807712287465695,-0.010518226653490025,moderate
0.004800140857696533,-0.0023899208899213586,0.02326753456145525,-0.012183393721601451,-0.2807712287465695,-0.010518226653490025,moderate
0.004800140857696533,-0.0023899208899213586,0.02326753456145525,-0.012183393721601451,-0.2807712287465695,-0.010518226653490025,bad
0.004800140857696533,-0.0023899208899213586,0.02326753456145525,-0.012183393721601451,-0.2807712287465695,-0.010518226653490025,bad
0.004800140857696533,-0.0023899208899213586,0.02326753456145525,-0.012183393721601451,-0.2807712287465695,-0.010518226653490025,bad
0.004800140857696533,-0.0023899208899213586,0.02326753456145525,-0.012183393721601451,-0.2807712287465695,-0.010518226653490025,moderate
0.004800140857696533,-0.0023899208899213586,0.02326753456145525,-0.012183393721601451,-0.2807712287465695,-0.010518226653490025,good
0.009523630142211914,0.006479264545272335,0.023470685351639986,0.005234666471652156,-0.01035680340047826,0.021225695865849537,good
0.01399993896484375,-0.001902659630076194,0.02324106404557824,-0.003824212773301059,-0.08426095784427214,0.08669691761524938,good
0.026211291551589966,0.11403397622886917,0.012884749099612236,-0.02488754172865919,-0.04658342266715308,1.3929148886526619,bad
0.026211291551589966,0.11403397622886917,0.012884749099612236,-0.02488754172865919,-0.04658342266715308,1.3929148886526619,moderate
0.026211291551589966,0.11403397622886917,0.012884749099612236,-0.02488754172865919,-0.04658342266715308,1.3929148886526619,good
0.026211291551589966,0.11403397622886917,0.012884749099612236,-0.02488754172865919,-0.04658342266715308,1.3929148886526619,good
0.026211291551589966,0.11403397622886917,0.012884749099612236,-0.02488754172865919,-0.04658342266715308,1.3929148886526619,good
0.026211291551589966,0.11403397622886917,0.012884749099612236,-0.02488754172865919,-0.04658342266715308,1.3929148886526619,good
0.007666945457458496,-0.003227750860776448,0.026015027426183224,0.018295807556830926,-0.022611978637056405,0.0479914990510087,good
0.007666945457458496,-0.003227750860776448,0.026015027426183224,0.018295807556830926,-0.022611978637056405,0.0479914990510087,good
0.007666945457458496,-0.003227750860776448,0.026015027426183224,0.018295807556830926,-0.022611978637056405,0.0479914990510087,good
0.007666945457458496,-0.003227750860776448,0.026015027426183224,0.018295807556830926,-0.022611978637056405,0.0479914990510087,good
0.008378714323043823,-0.0018535838522124968,0.029311910271644592,-0.00035672765578167635,0.010619442932618663,-0.018505050108892158,good
0.01323959231376648,-0.028492019639773217,0.0250454256311059,-0.038069879154437006,-0.12879724294828399,0.19267347663844997,good
0.014189988374710083,-0.05918643997011128,0.031446066685020924,0.010908678296695432,-0.3145943956792595,-0.07142524034640609,good
0.014189988374710083,-0.05918643997011128,0.031446066685020924,0.010908678296695432,-0.3145943956792595,-0.07142524034640609,good
0.014189988374710083,-0.05918643997011128,0.031446066685020924,0.010908678296695432,-0.3145943956792595,-0.07142524034640609,good
0.014189988374710083,-0.05918643997011128,0.031446066685020924,0.010908678296695432,-0.3145943956792595,-0.07142524034640609,good
0.014189988374710083,-0.05918643997011128,0.031446066685020924,0.010908678296695432,-0.3145943956792595,-0.07142524034640609,moderate
0.014189988374710083,-0.05918643997011128,0.031446066685020924,0.010908678296695432,-0.3145943956792595,-0.07142524034640609,moderate
0.014189988374710083,-0.05918643997011128,0.031446066685020924,0.010908678296695432,-0.3145943956792595,-0.07142524034640609,good
0.014189988374710083,-0.05918643997011128,0.031446066685020924,0.010908678296695432,-0.3145943956792595,-0.07142524034640609,good
0.014189988374710083,-0.05918643997011128,0.031446066685020924,0.010908678296695432,-0.3145943956792595,-0.07142524034640609,moderate
0.014189988374710083,-0.05918643997011128,0.031446066685020924,0.010908678296695432,-0.3145943956792595,-0.07142524034640609,moderate
0.014189988374710083,-0.05918643997011128,0.031446066685020924,0.010908678296695432,-0.3145943956792595,-0.07142524034640609,bad
0.014189988374710083,-0.05918643997011128,0.031446066685020924,0.010908678296695432,-0.3145943956792595,-0.07142524034640609,bad
0.014189988374710083,-0.05918643997011128,0.031446066685020924,0.010908678296695432,-0.3145943956792595,-0.07142524034640609,bad
0.014189988374710083,-0.05918643997011128,0.031446066685020924,0.010908678296695432,-0.3145943956792595,-0.07142524034640609,bad
0.014189988374710083,-0.05918643997011128,0.031446066685020924,0.010908678296695432,-0.3145943956792595,-0.07142524034640609,good
0.014189988374710083,-0.05918643997011128,0.031446066685020924,0.010908678296695432,-0.3145943956792595,-0.07142524034640609,good
0.014189988374710083,-0.05918643997011128,0.031446066685020924,0.010908678296695432,-0.3145943956792595,-0.07142524034640609,moderate
0.014189988374710083,-0.05918643997011128,0.031446066685020924,0.010908678296695432,-0.3145943956792595,-0.07142524034640609,moderate
0.014189988374710083,-0.05918643997011128,0.031446066685020924,0.010908678296695432,-0.3145943956792595,-0.07142524034640609,moderate
0.014189988374710083,-0.05918643997011128,0.031446066685020924,0.010908678296695432,-0.3145943956792595,-0.07142524034640609,bad
0.014189988374710083,-0.05918643997011128,0.031446066685020924,0.010908678296695432,-0.3145943956792595,-0.07142524034640609,bad
0.014189988374710083,-0.05918643997011128,0.031446066685020924,0.010908678296695432,-0.3145943956792595,-0.07142524034640609,bad
0.014189988374710083,-0.05918643997011128,0.031446066685020924,0.010908678296695432,-0.3145943956792595,-0.07142524034640609,bad
0.014189988374710083,-0.05918643997011128,0.031446066685020924,0.010908678296695432,-0.3145943956792595,-0.07142524034640609,bad
0.014189988374710083,-0.05918643997011128,0.031446066685020924,0.010908678296695432,-0.3145943956792595,-0.07142524034640609,bad
0.0038305819034576416,-0.0014265248734803542,0.042285153176635504,-0.0015490230536414082,0.11430864338099055,-0.009754866051043498,good
0.0038305819034576416,-0.0014265248734803542,0.042285153176635504,-0.0015490230536414082,0.11430864338099055,-0.009754866051043498,good
0.0038305819034576416,-0.0014265248734803542,0.042285153176635504,-0.0015490230536414082,0.11430864338099055,-0.009754866051043498,good
0.0038305819034576416,-0.0014265248734803542,0.042285153176635504,-0.0015490230536414082,0.11430864338099055,-0.009754866051043498,good
0.0038305819034576416,-0.0014265248734803542,0.042285153176635504,-0.0015490230536414082,0.11430864338099055,-0.009754866051043498,good
0.0038305819034576416,-0.0014265248734803542,0.042285153176635504,-0.0015490230536414082,0.11430864338099055,-0.009754866051043498,good
0.0038305819034576416,-0.0014265248734803542,0.042285153176635504,-0.0015490230536414082,0.11430864338099055,-0.009754866051043498,moderate
0.0038305819034576416,-0.0014265248734803542,0.042285153176635504,-0.0015490230536414082,0.11430864338099055,-0.009754866051043498,moderate
0.0038305819034576416,-0.0014265248734803542,0.042285153176635504,-0.0015490230536414082,0.11430864338099055,-0.009754866051043498,moderate
0.0038305819034576416,-0.0014265248734803542,0.042285153176635504,-0.0015490230536414082,0.11430864338099055,-0.009754866051043498,moderate
0.0038305819034576416,-0.0014265248734803542,0.042285153176635504,-0.0015490230536414082,0.11430864338099055,-0.009754866051043498,bad
0.0038305819034576416,-0.0014265248734803542,0.042285153176635504,-0.0015490230536414082,0.11430864338099055,-0.009754866051043498,bad
0.0038305819034576416,-0.0014265248734803542,0.042285153176635504,-0.0015490230536414082,0.11430864338099055,-0.009754866051043498,bad
0.0038305819034576416,-0.0014265248734803542,0.042285153176635504,-0.0015490230536414082,0.11430864338099055,-0.009754866051043498,bad
0.0038305819034576416,-0.0014265248734803542,0.042285153176635504,-0.0015490230536414082,0.11430864338099055,-0.009754866051043498,bad
0.0038305819034576416,-0.0014265248734803542,0.042285153176635504,-0.0015490230536414082,0.11430864338099055,-0.009754866051043498,bad
0.0038305819034576416,-0.0014265248734803542,0.042285153176635504,-0.0015490230536414082,0.11430864338099055,-0.009754866051043498,good
0.0038305819034576416,-0.0014265248734803542,0.042285153176635504,-0.0015490230536414082,0.11430864338099055,-0.009754866051043498,good
0.0038305819034576416,-0.0014265248734803542,0.042285153176635504,-0.0015490230536414082,0.11430864338099055,-0.009754866051043498,bad
0.0038305819034576416,-0.0014265248734803542,0.042285153176635504,-0.0015490230536414082,0.11430864338099055,-0.009754866051043498,bad
0.0038305819034576416,-0.0014265248734803542,0.042285153176635504,-0.0015490230536414082,0.11430864338099055,-0.009754866051043498,bad
0.0038305819034576416,-0.0014265248734803542,0.042285153176635504,-0.0015490230536414082,0.11430864338099055,-0.009754866051043498,bad
0.0038305819034576416,-0.0014265248734803542,0.042285153176635504,-0.0015490230536414082,0.11430864338099055,-0.009754866051043498,bad
0.0038305819034576416,-0.0014265248734803542,0.042285153176635504,-0.0015490230536414082,0.11430864338099055,-0.009754866051043498,good
0.0038305819034576416,-0.0014265248734803542,0.042285153176635504,-0.0015490230536414082,0.11430864338099055,-0.009754866051043498,good
0.0038305819034576416,-0.0014265248734803542,0.042285153176635504,-0.0015490230536414082,0.11430864338099055,-0.009754866051043498,good
0.0038305819034576416,-0.0014265248734803542,0.042285153176635504,-0.0015490230536414082,0.11430864338099055,-0.009754866051043498,good
0.0038305819034576416,-0.0014265248734803542,0.042285153176635504,-0.0015490230536414082,0.11430864338099055,-0.009754866051043498,good
0.0038305819034576416,-0.0014265248734803542,0.042285153176635504,-0.0015490230536414082,0.11430864338099055,-0.009754866051043498,good
0.0038305819034576416,-0.0014265248734803542,0.042285153176635504,-0.0015490230536414082,0.11430864338099055,-0.009754866051043498,moderate
0.0038305819034576416,-0.0014265248734803542,0.042285153176635504,-0.0015490230536414082,0.11430864338099055,-0.009754866051043498,moderate
0.0038305819034576416,-0.0014265248734803542,0.042285153176635504,-0.0015490230536414082,0.11430864338099055,-0.009754866051043498,moderate
0.0038305819034576416,-0.0014265248734803542,0.042285153176635504,-0.0015490230536414082,0.11430864338099055,-0.009754866051043498,moderate
0.0038305819034576416,-0.0014265248734803542,0.042285153176635504,-0.0015490230536414082,0.11430864338099055,-0.009754866051043498,moderate
0.0038305819034576416,-0.0014265248734803542,0.042285153176635504,-0.0015490230536414082,0.11430864338099055,-0.009754866051043498,bad
0.0038305819034576416,-0.0014265248734803542,0.042285153176635504,-0.0015490230536414082,0.11430864338099055,-0.009754866051043498,bad
0.0038305819034576416,-0.0014265248734803542,0.042285153176635504,-0.0015490230536414082,0.11430864338099055,-0.009754866051043498,bad
0.0038305819034576416,-0.0014265248734803542,0.042285153176635504,-0.0015490230536414082,0.11430864338099055,-0.009754866051043498,bad
0.0038305819034576416,-0.0014265248734803542,0.042285153176635504,-0.0015490230536414082,0.11430864338099055,-0.009754866051043498,bad
0.0038305819034576416,-0.0014265248734803542,0.042285153176635504,-0.0015490230536414082,0.11430864338099055,-0.009754866051043498,bad
0.0038305819034576416,-0.0014265248734803542,0.042285153176635504,-0.0015490230536414082,0.11430864338099055,-0.009754866051043498,bad
0.0038305819034576416,-0.0014265248734803542,0.042285153176635504,-0.0015490230536414082,0.11430864338099055,-0.009754866051043498,bad
0.0038305819034576416,-0.0014265248734803542,0.042285153176635504,-0.0015490230536414082,0.11430864338099055,-0.009754866051043498,bad
0.0038305819034576416,-0.0014265248734803542,0.042285153176635504,-0.0015490230536414082,0.11430864338099055,-0.009754866051043498,bad
0.0038305819034576416,-0.0014265248734803542,0.042285153176635504,-0.0015490230536414082,0.11430864338099055,-0.009754866051043498,bad
0.0038305819034576416,-0.0014265248734803542,0.042285153176635504,-0.0015490230536414082,0.11430864338099055,-0.009754866051043498,bad
0.0038305819034576416,-0.0014265248734803542,0.042285153176635504,-0.0015490230536414082,0.11430864338099055,-0.009754866051043498,bad
0.0038305819034576416,-0.0014265248734803542,0.042285153176635504,-0.0015490230536414082,0.11430864338099055,-0.009754866051043498,bad
0.0038305819034576416,-0.0014265248734803542,0.042285153176635504,-0.0015490230536414082,0.11430864338099055,-0.009754866051043498,bad
0.0038305819034576416,-0.0014265248734803542,0.042285153176635504,-0.0015490230536414082,0.11430864338099055,-0.009754866051043498,bad
0.0038305819034576416,-0.0014265248734803542,0.042285153176635504,-0.0015490230536414082,0.11430864338099055,-0.009754866051043498,bad
0.0038305819034576416,-0.0014265248734803542,0.042285153176635504,-0.0015490230536414082,0.11430864338099055,-0.009754866051043498,good
0.0038305819034576416,-0.0014265248734803542,0.042285153176635504,-0.0015490230536414082,0.11430864338099055,-0.009754866051043498,good
0.0038305819034576416,-0.0014265248734803542,0.042285153176635504,-0.0015490230536414082,0.11430864338099055,-0.009754866051043498,good
0.0038305819034576416,-0.0014265248734803542,0.042285153176635504,-0.0015490230536414082,0.11430864338099055,-0.009754866051043498,good
0.0038305819034576416,-0.0014265248734803542,0.042285153176635504,-0.0015490230536414082,0.11430864338099055,-0.009754866051043498,good
0.0038305819034576416,-0.0014265248734803542,0.042285153176635504,-0.0015490230536414082,0.11430864338099055,-0.009754866051043498,good
0.0038305819034576416,-0.0014265248734803542,0.042285153176635504,-0.0015490230536414082,0.11430864338099055,-0.009754866051043498,good
0.0038305819034576416,-0.0014265248734803542,0.042285153176635504,-0.0015490230536414082,0.11430864338099055,-0.009754866051043498,good
0.0038305819034576416,-0.0014265248734803542,0.042285153176635504,-0.0015490230536414082,0.11430864338099055,-0.009754866051043498,good
0.0038305819034576416,-0.0014265248734803542,0.042285153176635504,-0.0015490230536414082,0.11430864338099055,-0.009754866051043498,good
0.0038305819034576416,-0.0014265248734803542,0.042285153176635504,-0.0015490230536414082,0.11430864338099055,-0.009754866051043498,good
0.0038305819034576416,-0.0014265248734803542,0.042285153176635504,-0.0015490230536414082,0.11430864338099055,-0.009754866051043498,good
0.0038305819034576416,-0.0014265248734803542,0.042285153176635504,-0.0015490230536414082,0.11430864338099055,-0.009754866051043498,moderate
0.0038305819034576416,-0.0014265248734803542,0.042285153176635504,-0.0015490230536414082,0.11430864338099055,-0.009754866051043498,moderate
0.0038305819034576416,-0.0014265248734803542,0.042285153176635504,-0.0015490230536414082,0.11430864338099055,-0.009754866051043498,moderate
0.0038305819034576416,-0.0014265248734803542,0.042285153176635504,-0.0015490230536414082,0.11430864338099055,-0.009754866051043498,bad
0.0038305819034576416,-0.0014265248734803542,0.042285153176635504,-0.0015490230536414082,0.11430864338099055,-0.009754866051043498,bad
0.0038305819034576416,-0.0014265248734803542,0.042285153176635504,-0.0015490230536414082,0.11430864338099055,-0.009754866051043498,bad
0.0038305819034576416,-0.0014265248734803542,0.042285153176635504,-0.0015490230536414082,0.11430864338099055,-0.009754866051043498,bad
0.0038305819034576416,-0.0014265248734803542,0.042285153176635504,-0.0015490230536414082,0.11430864338099055,-0.009754866051043498,bad
0.0038305819034576416,-0.0014265248734803542,0.042285153176635504,-0.0015490230536414082,0.11430864338099055,-0.009754866051043498,bad
0.0038305819034576416,-0.0014265248734803542,0.042285153176635504,-0.0015490230536414082,0.11430864338099055,-0.009754866051043498,bad
0.0038305819034576416,-0.0014265248734803542,0.042285153176635504,-0.0015490230536414082,0.11430864338099055,-0.009754866051043498,bad
0.0038305819034576416,-0.0014265248734803542,0.042285153176635504,-0.0015490230536414082,0.11430864338099055,-0.009754866051043498,bad
0.0038305819034576416,-0.0014265248734803542,0.042285153176635504,-0.0015490230536414082,0.11430864338099055,-0.009754866051043498,bad
0.0038305819034576416,-0.0014265248734803542,0.042285153176635504,-0.0015490230536414082,0.11430864338099055,-0.009754866051043498,good
0.009297311305999756,0.025249265686785,0.03783110901713371,-0.15278010450176666,-0.1205661000860608,-0.3947651128903164,good
0.008251607418060303,0.003017518303873526,0.039294781163334846,0.004305089850734295,-0.003557861116928211,0.005222367923525119,good
0.03329172730445862,0.0004463021374568473,0.04056636116001755,0.005926545644428527,-0.017875347082338757,-0.15201726687194703,good
0.004739344120025635,0.0010675624738474712,0.04351980797946453,0.003467708743920281,0.07750811218021783,-0.31996271758651584,moderate
0.025705963373184204,0.005745332156372666,0.018951835110783577,-0.0348313827553214,-0.14027066447094022,1.3129419154973376,good
0.00014466047286987305,0.01943177752968216,0.007804185152053833,-0.06229115975565007,-0.10795804679706271,1.4327418923789625,moderate
0.02079594135284424,0.044150924688424575,0.012890804558992386,-0.03570889407792906,-0.04223081838735235,1.5873864480970028,bad
0.0027202069759368896,0.03536846792271052,0.03629026189446449,0.006034531570123257,-0.18352291576118002,0.33270515826302904,bad
0.0034155845642089844,0.02482107066327873,0.03775591403245926,0.012365836252868186,-0.06088303111467651,0.20798633006638267,moderate
0.0060014426708221436,0.12536560301686514,0.02892426960170269,0.0027429812283358006,-0.1505566245851803,1.1949244691424659,bad
0.0021137893199920654,0.013978915435213617,0.04265127767575905,0.02396174691645148,0.13296710601226866,-0.2040841706668629,bad
0.04066351056098938,0.006896748006920631,0.041443344205617905,-0.007201120487845627,0.2831660096200377,-0.32595033263472234,good
0.0687771737575531,0.017142573474674797,0.04479920433368534,-0.00044583075799627223,0.2702030473876739,-0.25551756784586327,moderate
0.09648638963699341,0.035453760954700146,0.04281563963741064,-0.0036708343948810064,0.06796829230590454,0.12315303724871275,bad
0.012497007846832275,0.08831075070006252,0.03738914802670479,0.19030686596380678,0.037370650080613424,1.5331892196721728,bad
0.0019012391567230225,0.03092473302110047,0.04102811962366104,0.0359041766132216,-0.08899092721033823,0.08883803838791939,bad
0.002910315990447998,0.010195279661346616,0.04265054268762469,0.028369062678331888,-0.00170672675486204,-0.024199504038161054,good
0.005274474620819092,-0.051604652423078726,0.02961965650320053,-0.09029613458800129,0.048752691161526925,1.000749031992854,bad
0.07194691896438599,-0.018391674026515724,0.036914643831551075,-0.05448778904823818,-0.11212668130398877,0.4518812323106798,bad
0.00900217890739441,0.08407335439275822,0.03190350765362382,-0.1734070626868568,-0.2636626988678584,-0.058110115080782024,bad
0.01004946231842041,0.13475701515617808,0.03539611725136638,-0.2609310610118294,-0.27942661074380976,-0.6945146721971104,bad
0.00402560830116272,0.021499612498374333,0.04293318931013346,0.1502208699407318,0.20015617701673835,0.48809863747638677,bad
0.004770129919052124,0.025399403914490366,0.03838532604277134,0.10779403381746594,0.21542810806131638,0.5483020025288816,moderate
0.0022996366024017334,0.00596674132399988,0.041671992279589176,0.07780291362372607,0.2271838186456409,0.4429680651885959,moderate
0.0016120970249176025,-0.0037562234283855336,0.04993346519768238,0.26682459843069023,0.23635112433849614,0.7016776585579236,good
0.001013427972793579,0.010656856050628837,0.04179310519248247,0.07191384095332022,0.09517292975067199,0.38471220991691774,good
0.0008768439292907715,0.008191277192643547,0.03773478977382183,0.014026605639079379,-0.02861239495022678,0.09965830824253409,good
0.0002478659152984619,0.005919500101740331,0.03528279718011618,0.005937319729640158,-0.08764960355271746,0.30500891430498744,good
0.0002478659152984619,0.005919500101740331,0.03528279718011618,0.005937319729640158,-0.08764960355271746,0.30500891430498744,good
0.0002478659152984619,0.005919500101740331,0.03528279718011618,0.005937319729640158,-0.08764960355271746,0.30500891430498744,good
0.0002478659152984619,0.005919500101740331,0.03528279718011618,0.005937319729640158,-0.08764960355271746,0.30500891430498744,good
0.0002478659152984619,0.005919500101740331,0.03528279718011618,0.005937319729640158,-0.08764960355271746,0.30500891430498744,good
0.0002478659152984619,0.005919500101740331,0.03528279718011618,0.005937319729640158,-0.08764960355271746,0.30500891430498744,good
0.0002478659152984619,0.005919500101740331,0.03528279718011618,0.005937319729640158,-0.08764960355271746,0.30500891430498744,moderate
0.0002478659152984619,0.005919500101740331,0.03528279718011618,0.005937319729640158,-0.08764960355271746,0.30500891430498744,moderate
0.0002478659152984619,0.005919500101740331,0.03528279718011618,0.005937319729640158,-0.08764960355271746,0.30500891430498744,moderate
0.0002478659152984619,0.005919500101740331,0.03528279718011618,0.005937319729640158,-0.08764960355271746,0.30500891430498744,bad
0.0002478659152984619,0.005919500101740331,0.03528279718011618,0.005937319729640158,-0.08764960355271746,0.30500891430498744,bad
0.0002478659152984619,0.005919500101740331,0.03528279718011618,0.005937319729640158,-0.08764960355271746,0.30500891430498744,bad
0.0002478659152984619,0.005919500101740331,0.03528279718011618,0.005937319729640158,-0.08764960355271746,0.30500891430498744,bad
0.0002478659152984619,0.005919500101740331,0.03528279718011618,0.005937319729640158,-0.08764960355271746,0.30500891430498744,bad
0.0002478659152984619,0.005919500101740331,0.03528279718011618,0.005937319729640158,-0.08764960355271746,0.30500891430498744,bad
0.0002478659152984619,0.005919500101740331,0.03528279718011618,0.005937319729640158,-0.08764960355271746,0.30500891430498744,bad
0.0002478659152984619,0.005919500101740331,0.03528279718011618,0.005937319729640158,-0.08764960355271746,0.30500891430498744,good
0.0002478659152984619,0.005919500101740331,0.03528279718011618,0.005937319729640158,-0.08764960355271746,0.30500891430498744,good
0.0002478659152984619,0.005919500101740331,0.03528279718011618,0.005937319729640158,-0.08764960355271746,0.30500891430498744,bad
0.0002478659152984619,0.005919500101740331,0.03528279718011618,0.005937319729640158,-0.08764960355271746,0.30500891430498744,bad
0.0002478659152984619,0.005919500101740331,0.03528279718011618,0.005937319729640158,-0.08764960355271746,0.30500891430498744,bad
0.0002478659152984619,0.005919500101740331,0.03528279718011618,0.005937319729640158,-0.08764960355271746,0.30500891430498744,bad
0.0002478659152984619,0.005919500101740331,0.03528279718011618,0.005937319729640158,-0.08764960355271746,0.30500891430498744,good
0.0002478659152984619,0.005919500101740331,0.03528279718011618,0.005937319729640158,-0.08764960355271746,0.30500891430498744,good
0.0002478659152984619,0.005919500101740331,0.03528279718011618,0.005937319729640158,-0.08764960355271746,0.30500891430498744,good
0.0002478659152984619,0.005919500101740331,0.03528279718011618,0.005937319729640158,-0.08764960355271746,0.30500891430498744,bad
0.0002478659152984619,0.005919500101740331,0.03528279718011618,0.005937319729640158,-0.08764960355271746,0.30500891430498744,bad
0.0002478659152984619,0.005919500101740331,0.03528279718011618,0.005937319729640158,-0.08764960355271746,0.30500891430498744,bad
0.0002478659152984619,0.005919500101740331,0.03528279718011618,0.005937319729640158,-0.08764960355271746,0.30500891430498744,bad
0.0002478659152984619,0.005919500101740331,0.03528279718011618,0.005937319729640158,-0.08764960355271746,0.30500891430498744,bad
0.0002478659152984619,0.005919500101740331,0.03528279718011618,0.005937319729640158,-0.08764960355271746,0.30500891430498744,bad
0.0002478659152984619,0.005919500101740331,0.03528279718011618,0.005937319729640158,-0.08764960355271746,0.30500891430498744,bad
0.0002478659152984619,0.005919500101740331,0.03528279718011618,0.005937319729640158,-0.08764960355271746,0.30500891430498744,bad
0.0002478659152984619,0.005919500101740331,0.03528279718011618,0.005937319729640158,-0.08764960355271746,0.30500891430498744,bad
0.0002478659152984619,0.005919500101740331,0.03528279718011618,0.005937319729640158,-0.08764960355271746,0.30500891430498744,bad
0.0002478659152984619,0.005919500101740331,0.03528279718011618,0.005937319729640158,-0.08764960355271746,0.30500891430498744,bad
0.0002478659152984619,0.005919500101740331,0.03528279718011618,0.005937319729640158,-0.08764960355271746,0.30500891430498744,bad
0.0002478659152984619,0.005919500101740331,0.03528279718011618,0.005937319729640158,-0.08764960355271746,0.30500891430498744,bad
0.0002478659152984619,0.005919500101740331,0.03528279718011618,0.005937319729640158,-0.08764960355271746,0.30500891430498744,bad
0.0002478659152984619,0.005919500101740331,0.03528279718011618,0.005937319729640158,-0.08764960355271746,0.30500891430498744,bad
0.0002478659152984619,0.005919500101740331,0.03528279718011618,0.005937319729640158,-0.08764960355271746,0.30500891430498744,bad
0.0002478659152984619,0.005919500101740331,0.03528279718011618,0.005937319729640158,-0.08764960355271746,0.30500891430498744,bad
0.0002478659152984619,0.005919500101740331,0.03528279718011618,0.005937319729640158,-0.08764960355271746,0.30500891430498744,bad
0.0002478659152984619,0.005919500101740331,0.03528279718011618,0.005937319729640158,-0.08764960355271746,0.30500891430498744,good
0.0002478659152984619,0.005919500101740331,0.03528279718011618,0.005937319729640158,-0.08764960355271746,0.30500891430498744,good
0.0002478659152984619,0.005919500101740331,0.03528279718011618,0.005937319729640158,-0.08764960355271746,0.30500891430498744,good
0.0002478659152984619,0.005919500101740331,0.03528279718011618,0.005937319729640158,-0.08764960355271746,0.30500891430498744,good
0.0002478659152984619,0.005919500101740331,0.03528279718011618,0.005937319729640158,-0.08764960355271746,0.30500891430498744,good
0.0002478659152984619,0.005919500101740331,0.03528279718011618,0.005937319729640158,-0.08764960355271746,0.30500891430498744,good
0.0002478659152984619,0.005919500101740331,0.03528279718011618,0.005937319729640158,-0.08764960355271746,0.30500891430498744,moderate
0.0002478659152984619,0.005919500101740331,0.03528279718011618,0.005937319729640158,-0.08764960355271746,0.30500891430498744,moderate
0.0004425048828125,-0.0027298801068843808,0.03920406848192215,-0.014516120153238945,-0.18464188577028112,0.08316426137329487,good
0.012773692607879639,0.07900845687069462,0.03859275393188,0.014389125166539021,0.08515338684394522,0.45543793893581264,bad
0.0008668303489685059,0.015560335523574541,0.038591522723436356,-0.008460178714266067,-0.2743090287886038,0.0786620173360931,moderate
0.0008668303489685059,0.015560335523574541,0.038591522723436356,-0.008460178714266067,-0.2743090287886038,0.0786620173360931,bad
0.0008668303489685059,0.015560335523574541,0.038591522723436356,-0.008460178714266067,-0.2743090287886038,0.0786620173360931,bad
0.0008668303489685059,0.015560335523574541,0.038591522723436356,-0.008460178714266067,-0.2743090287886038,0.0786620173360931,bad
0.0008668303489685059,0.015560335523574541,0.038591522723436356,-0.008460178714266067,-0.2743090287886038,0.0786620173360931,moderate
0.0008668303489685059,0.015560335523574541,0.038591522723436356,-0.008460178714266067,-0.2743090287886038,0.0786620173360931,good
0.0008668303489685059,0.015560335523574541,0.038591522723436356,-0.008460178714266067,-0.2743090287886038,0.0786620173360931,good
0.0008668303489685059,0.015560335523574541,0.038591522723436356,-0.008460178714266067,-0.2743090287886038,0.0786620173360931,moderate
0.0008668303489685059,0.015560335523574541,0.038591522723436356,-0.008460178714266067,-0.2743090287886038,0.0786620173360931,bad
0.0008668303489685059,0.015560335523574541,0.038591522723436356,-0.008460178714266067,-0.2743090287886038,0.0786620173360931,moderate
0.0008668303489685059,0.015560335523574541,0.038591522723436356,-0.008460178714266067,-0.2743090287886038,0.0786620173360931,bad
0.0008668303489685059,0.015560335523574541,0.038591522723436356,-0.008460178714266067,-0.2743090287886038,0.0786620173360931,moderate
0.0008668303489685059,0.015560335523574541,0.038591522723436356,-0.008460178714266067,-0.2743090287886038,0.0786620173360931,bad
0.0008668303489685059,0.015560335523574541,0.038591522723436356,-0.008460178714266067,-0.2743090287886038,0.0786620173360931,moderate
0.0008668303489685059,0.015560335523574541,0.038591522723436356,-0.008460178714266067,-0.2743090287886038,0.0786620173360931,bad
0.0008668303489685059,0.015560335523574541,0.038591522723436356,-0.008460178714266067,-0.2743090287886038,0.0786620173360931,bad
0.0008668303489685059,0.015560335523574541,0.038591522723436356,-0.008460178714266067,-0.2743090287886038,0.0786620173360931,bad
0.0008668303489685059,0.015560335523574541,0.038591522723436356,-0.008460178714266067,-0.2743090287886038,0.0786620173360931,bad
0.0008668303489685059,0.015560335523574541,0.038591522723436356,-0.008460178714266067,-0.2743090287886038,0.0786620173360931,good
0.0008668303489685059,0.015560335523574541,0.038591522723436356,-0.008460178714266067,-0.2743090287886038,0.0786620173360931,good
0.0008668303489685059,0.015560335523574541,0.038591522723436356,-0.008460178714266067,-0.2743090287886038,0.0786620173360931,good
0.0008668303489685059,0.015560335523574541,0.038591522723436356,-0.008460178714266067,-0.2743090287886038,0.0786620173360931,good
0.0008668303489685059,0.015560335523574541,0.038591522723436356,-0.008460178714266067,-0.2743090287886038,0.0786620173360931,good
0.0016831457614898682,0.008429942202462095,0.037285223603248596,-0.06016295602196772,-0.3599776460157356,-0.22270717595971268,good
0.0804385393857956,0.05485277557097552,0.04123832657933235,0.05464473982699584,-0.365144538888187,-0.10990387558752036,bad
0.09192299842834473,0.05779655890787843,0.03861384093761444,0.0015728957098965096,-0.454053614232955,-0.22422195887811905,bad
0.00023066997528076172,0.011733757887775394,0.0384799400344491,-0.027662534679344576,-0.39142940708936597,-0.16173719068924058,good
0.003983825445175171,0.015668281601455752,0.03718511946499348,-0.026957205267142834,-0.3797308781494502,-0.028942780710994775,good
0.0011176466941833496,0.001497805656499054,0.0340949147939682,0.0020300095705062184,-8.660018682080139e-05,-0.025706728753219187,good
0.003794640302658081,-0.007469489742743756,0.032753441482782364,-0.019566295143860688,-0.15002359993402828,0.03626130947092508,good
0.0010465383529663086,-0.012132859077550203,0.031046651303768158,-0.032429371576761845,-0.043918746137982106,0.06683659993220549,good
0.002502143383026123,-0.033437316670127976,0.03405696153640747,-0.059922649790664355,0.034870058070843514,-0.008715421158245945,moderate
0.0032025277614593506,-0.005773117420298949,0.03718036413192749,0.005871787850601786,-0.0295518900902041,-0.10887146895712158,good
0.0032025277614593506,-0.005773117420298949,0.03718036413192749,0.005871787850601786,-0.0295518900902041,-0.10887146895712158,bad
0.0032025277614593506,-0.005773117420298949,0.03718036413192749,0.005871787850601786,-0.0295518900902041,-0.10887146895712158,good
0.0032025277614593506,-0.005773117420298949,0.03718036413192749,0.005871787850601786,-0.0295518900902041,-0.10887146895712158,bad
0.0032025277614593506,-0.005773117420298949,0.03718036413192749,0.005871787850601786,-0.0295518900902041,-0.10887146895712158,good
0.0032025277614593506,-0.005773117420298949,0.03718036413192749,0.005871787850601786,-0.0295518900902041,-0.10887146895712158,bad
0.0032025277614593506,-0.005773117420298949,0.03718036413192749,0.005871787850601786,-0.0295518900902041,-0.10887146895712158,bad
0.0032025277614593506,-0.005773117420298949,0.03718036413192749,0.005871787850601786,-0.0295518900902041,-0.10887146895712158,good
0.0032025277614593506,-0.005773117420298949,0.03718036413192749,0.005871787850601786,-0.0295518900902041,-0.10887146895712158,bad
0.0032025277614593506,-0.005773117420298949,0.03718036413192749,0.005871787850601786,-0.0295518900902041,-0.10887146895712158,moderate
0.0032025277614593506,-0.005773117420298949,0.03718036413192749,0.005871787850601786,-0.0295518900902041,-0.10887146895712158,good
0.001708388328552246,-0.0018090656061605008,0.04203736316412687,-0.009244320960367662,-0.10799818678551189,0.026219981493741818,good
0.002444744110107422,-0.008851979371678517,0.04838911769911647,0.020246837776321767,-0.10296236922056669,-0.2271296912947497,good
0.007257312536239624,0.08058339272628469,0.027072187513113022,-0.02403288673583254,-0.012539745193148362,0.5876663670586643,good
0.006873399019241333,0.0014931166634782412,0.04890118259936571,0.003118185520529744,0.04843348240874443,0.0027138582777464135,good
0.00234338641166687,0.011975943030555119,0.043012961745262146,-0.00036839283357546434,-0.03619409970733677,0.19281339979472464,good
0.0015115439891815186,0.011536511439170675,0.04508242662996054,0.013273486920327877,0.057262274769625005,0.36124499496366574,good
0.006859272718429565,0.014702482837149443,0.04571185167878866,0.024292009046045032,0.010244299162461574,0.2199631401384722,good
0.00041726231575012207,0.005735226383073722,0.04134746082127094,-0.005574906995224841,0.044861275038942404,0.5191469987973891,good
0.004857450723648071,0.06056829591108332,0.04509221203625202,0.011190480196300482,0.011691385687545405,0.5568694137114346,bad
0.0041748881340026855,0.005816357988588082,0.017568517476320267,-0.02812338505117441,0.05333061681296286,1.0961152489100867,good
0.0019200146198272705,0.019855165363315677,0.045365532860159874,0.017156715023121886,0.021779120989903648,0.2935273989257185,moderate
0.0012015998363494873,-0.002825996781610055,0.0458775432780385,-0.016533533513103736,0.004737296047783323,0.11761708964469526,good
0.002957284450531006,0.006806673931938678,0.04632817301899195,0.0031626490995845516,0.05031636391924997,0.13996098030808643,good
0.002906888723373413,-0.005775343782792038,0.030751277692615986,-0.0008440753198319318,-0.07705266571481775,0.05434692184026139,good
0.0036849379539489746,0.015465696622418514,0.030834692530333996,-0.01955379289667487,-0.014732290914442812,0.13904180956401835,good
0.0021461844444274902,0.051920041675166353,0.03125606942921877,-0.019952186426005578,0.2311042250704454,0.14731122471262814,good
0.0016888678073883057,0.004538132753130755,0.03336371714249253,0.014214144060022468,0.06902606269892583,-0.07073366914644266,bad
0.009435981512069702,-0.0025575508181015305,0.0140640027821064,-0.06449348801889512,-0.09689454907355147,0.8445108699043099,good
0.008419007062911987,-0.010295760255079762,0.03197155776433647,-0.038741485574903624,0.005986334185722374,0.06612516456159544,moderate
0.0027778446674346924,0.028989837222638207,0.03669304680079222,0.08884079242388815,0.32635627319332056,0.16147964011704932,good
0.01022288203239441,0.013478737211631764,0.0314267638605088,-0.00931728188667886,-0.09080887687924574,-0.15522759934528924,bad
0.030907124280929565,-0.013935545588475073,0.02605847967788577,-0.02565609895183253,0.17119176360652397,-0.0897297446253611,good
0.02285546064376831,0.023666167081676244,0.03272378537803888,0.021838002127495888,-0.012528958924515532,0.1407802351385021,good
0.0011851787567138672,0.02232466216598633,0.03352964669466019,0.015448572874947965,0.29383185438802645,-0.015867585369252302,good
0.024838685989379883,-0.007257476260422289,0.027423251420259476,-0.032904995449095316,-0.5206813862552496,-0.03162453494180203,good
0.023983538150787354,0.00050126026365033,0.023897607810795307,0.010372083006967086,0.6661057470495058,0.03037879986950623,good
0.023634910583496094,0.017005950975553255,0.02518402226269245,0.04481644630463865,-0.18536752744847151,-0.01868167204017425,good
0.0015391409397125244,-0.0038175828762634294,0.025544223841279745,-0.0026479563897953665,-0.007537932325634595,-0.011665645487109933,good
0.005547374486923218,0.004469637861692424,0.0262938872911036,0.017269642618367054,-0.0893486928053616,-0.08234111767752325,good
0.0010785460472106934,0.0008612459443746429,0.004556795582175255,-0.1455760720520806,0.5897784201577001,0.8484674171597915,good
0.006645709276199341,-0.0029201508076597354,0.025576811283826828,0.005893003916099642,-0.10822359355545298,-0.07523708495458492,good
0.006132155656814575,0.009440851236943784,0.025080612394958735,0.026456444110715717,0.02551443803586578,-0.023215627876766082,good
0.006174802780151367,0.00849024468473716,0.025144058745354414,0.016729444573211558,-0.10000574429202277,-0.06203307596169944,good
0.006430447101593018,0.0017631092199452477,0.026030181907117367,0.00804116959151984,-0.08376213750075706,-0.10539211034689651,good
0.005725383758544922,-0.016184968863107413,0.02539019100368023,-0.025956225704339975,0.08674474116094354,-0.058234276061924856,good
0.004935234785079956,0.00014861022733169785,0.025292196311056614,-0.001427206766366855,0.07577296760368187,-0.03198471233763207,good
0.004786044359207153,0.00038094817228320234,0.02538848528638482,-4.551469976881467e-05,-0.07031071148478285,-0.0374872801460191,good
0.00416073203086853,0.0011158901345663598,0.025319705717265606,0.004192434602116351,0.08711979440880882,-0.04528794754280243,good
0.005833357572555542,-0.013266005155158416,0.024303547106683254,-0.029431702126464003,-0.05518651603674106,-0.05510672738634101,good
0.00545385479927063,-0.031322910677110294,0.02502738032490015,-0.06457111557411349,-0.1046068337407304,-0.009922905009331328,good
0.004930973052978516,-0.0002738189859799999,0.024783010128885508,-0.005500367289492529,-0.1574636549849085,-0.0441159500845229,good
0.0052540600299835205,-0.004031782914731731,0.024553390219807625,-0.010894295131896353,-0.16088291332398202,-0.02163313644983515,good
0.004273504018783569,-0.006235306232913351,0.031070441007614136,-0.006052479448628941,-0.033660480410694714,-0.010599318658659053,good
0.0011166036128997803,0.02766513713475241,0.030390738509595394,-0.011408149259419924,0.051781113622489376,0.021089967692775474,good
0.011947095394134521,0.06859251504087846,0.03124931361526251,0.001733793051906998,0.2739160230750053,0.1917217181588022,bad
0.14779774844646454,0.027896068395441617,0.03435494005680084,0.015281016349788356,0.14659828509624812,-0.18845011026785735,bad
0.005426853895187378,0.04794718703829496,0.03134392015635967,0.06958572827444891,-0.031040017030969473,0.012152048368645562,moderate
0.005986809730529785,0.008870053664598273,0.03242152836173773,-0.017959131787866876,-0.23455793557569593,0.035491173465138665,moderate
0.003075927495956421,0.018671186831270645,0.028849255293607712,-0.009496390029885922,-0.06572807071786728,0.04643010720428008,good
0.001176595687866211,0.03335728807021698,0.03079398348927498,0.016134666141525582,-0.07642452997622866,0.06016969887247263,moderate
0.0046183764934539795,-0.0006869286498133946,0.030128344893455505,0.0017600795879634387,0.019217501644052032,0.09061845281719189,good
0.00215718150138855,0.050309552405667875,0.0316269863396883,0.022126985937525608,-0.0397878767212498,0.09941855283256286,good
0.0031444132328033447,0.0787365145885629,0.029262898489832878,-0.025917782030356804,0.17900141183779905,0.2285763206858532,bad
0.004205137491226196,0.03440347063227969,0.03157435078173876,0.023348424440991424,0.11041358422459235,-0.0005869921174138053,moderate
0.0006077885627746582,0.039639525077248466,0.010499924421310425,-0.033610114733877226,-0.009477138154744371,0.7903153445117551,bad
0.0009267628192901611,0.0062484976118383825,0.03561092237941921,0.016274952177830967,0.17071020281661448,-0.24784128084181523,moderate
0.023191481828689575,0.0008650794844031039,0.026193775585852563,0.05115253130277358,0.12411761034014944,0.18828398012196385,good
0.03112858533859253,0.007427269818839181,0.03019251860678196,0.02678637140800467,0.3244911330979438,0.16864709389959312,good
0.010891318321228027,0.0015049059666428154,0.03156085778027773,-0.0010541172614027144,-0.0743338151067764,0.014051788332626488,good
0.003261357545852661,-0.008543229236421977,0.028577841818332672,-0.005010274246270312,-0.0505432761297187,0.13473956540080986,good
0.0034377872943878174,0.015553821033305465,0.03210946638137102,0.022672188560676276,0.03409487811618373,0.0008338052103891046,good
0.007717400789260864,-0.012305326600352723,0.032232658471912146,-0.009528671346137003,-0.0084171939132972,0.025864838272073646,good
0.005994588136672974,-0.0034079640471109877,0.03980598412454128,0.03922353173147487,-0.1461268216988824,0.4744683181491652,good
0.00987255573272705,-0.016368556456675443,0.032932414673268795,-0.0007213790925063107,-0.05908524846568842,0.08134085328810572,good
0.0044727623462677,-0.012417279078153263,0.03383840341120958,-0.0020727251601002222,0.09896273925330307,0.0011893420773401021,good
0.004817932844161987,-0.0249375189749142,0.03369876556098461,-0.012502730685940386,-0.010190438089771913,-0.01108534323080957,good
0.006613254547119141,-0.012951878466424342,0.03340344503521919,-0.005297639751895815,0.07144773882291332,-0.05880424138230477,good
0.0072088539600372314,-0.0158866163662991,0.034198145382106304,-0.002379777684090328,0.048043664416159704,-0.03469872929136039,good
0.0015960633754730225,0.02963526499727755,0.028049716725945473,-0.04569534538575889,-0.11217081407858118,0.1348282245942141,good
0.00767090916633606,0.04956966868233712,0.02981104701757431,-0.025681669303611925,-0.20101013170105145,0.25522639663216584,moderate
0.022134393453598022,0.014060328313517612,0.028540052473545074,-0.0881585384633726,-0.3024107012750406,-0.03802648685902167,bad
0.01026296615600586,0.004556744709788295,0.028499877080321312,0.014565435873870977,-0.13422535428544785,-0.004973089607615146,good
0.022429168224334717,-0.01580668592123907,0.0021470673382282257,-0.15147485219594492,0.5877696818549342,0.6571322150855423,good
0.020951002836227417,-0.018475992229760978,0.0004436112940311432,-0.1596418973605023,0.3916086789653703,0.6182220771015023,bad
0.00014588236808776855,-0.0458956617909021,0.022200675681233406,-0.07360915025130547,-0.2561846429685219,0.19665943734208358,bad
0.0013038814067840576,-0.03567166515010688,0.023121788166463375,-0.0527702515868286,-0.25274977343551,0.14757630984720838,bad
0.0034589767456054688,0.005767075159849437,0.02664358075708151,0.003392564502688201,0.3485623485799194,-0.15591716717592477,good
0.0015580356121063232,0.01871888761939999,0.02736042160540819,0.017545914630861484,0.37352908117243055,-0.17206005522769838,moderate
0.10658708214759827,0.01471546842911244,0.02430935762822628,-0.01698889820413284,0.08173344267454212,-0.019751464199425084,moderate
0.00923815369606018,-0.00459440692834573,0.034808614291250706,-0.006900734641682665,0.14349884340691313,0.0056368237024007435,good
0.003940880298614502,0.059196962597908534,0.014771386981010437,-0.09523138895068464,-0.0724967527000672,1.213261253055006,good
0.008058726787567139,0.04548384032811535,0.013966601341962814,-0.11507592146525093,-0.11237770867699882,1.2632133394236915,bad
0.0057413578033447266,0.04378711142606427,0.015084989368915558,-0.13124977984227562,-0.16424521092645955,1.2204292974587267,bad
0.016054660081863403,0.023846958033941577,0.03752419073134661,-0.0506282042447166,-0.10003688187931993,0.07361714429718622,bad
