Title,Link,Thumbnail,Rating,Reviews,Print_Price,Num_Price
"VEICK Resistance Bands, Exercise Bands, Workout Bands, Resistance Bands for Working Out with Handles for Men and Women, Exercising Bands for Fitness Weights Work Out at Home",https://www.amazon.com/dp/B086X4PN48/,https://m.media-amazon.com/images/I/71F4LEZeoCL._AC_UL320_.jpg,4.6,22441,$26.97,26.97
"Resistance Bands, Pull Up Bands, Workout Bands for Exercise, Thick Heavy Resistance Band Set with Door Anchor, Elastic Bands for Body Stretching, Crossfit Training at Home/Gym Men & Women Women",https://www.amazon.com/dp/B08C7K77PS/,https://m.media-amazon.com/images/I/71RoFBJpKlL._AC_UL320_.jpg,4.6,3518,$23.99,23.99
"Pull Up Bands, Resistance Bands, Pull Up Assistance Bands Set for Men & Women, Exercise Workout Bands for Working Out, Body Stretching, Physical Therapy, Muscle Training",https://www.amazon.com/dp/B0CJM9FD8P/,https://m.media-amazon.com/images/I/71wwR5zim1L._AC_UL320_.jpg,4.6,5618,$29.99,29.99
"Resistance Bands, Pull Up Assist Bands - Workout Bands, Eexercise Bands, Long Resistance Bands Set for Working Out, Fitness, Training, Physical Therapy for Men Women",https://www.amazon.com/dp/B0CGX2256B/,https://m.media-amazon.com/images/I/71ALgXGX21L._AC_UL320_.jpg,4.6,3574,$25.99,25.99
"Pull Up Bands, Resistance Bands, Pull Up Assistance Bands Set for Men & Women, Exercise Workout Bands for Working Out, Body Stretching, Physical Therapy, Muscle Training",https://www.amazon.com/Resistance-Assistance-Exercise-Stretching-Physical/dp/B0CJM9FD8P/,https://m.media-amazon.com/images/I/71wwR5zim1L._AC_UL320_.jpg,4.6,5618,$29.99,29.99
"5 Pcs Professional Resistance Bands. Latex-Free, Elastic Band, Work Out Bands, Stretch Bands for Working Out Women or Men, Exercise Bands Set for Physical Therapy, Yoga, Pilates",https://www.amazon.com/Professional-Resistance-Latex-Free-Exercise-Physical/dp/B0C5M1YDKQ/,https://m.media-amazon.com/images/I/61vh3p7XXUL._AC_UL320_.jpg,4.6,4463,$11.99,11.99
"Resistance Bands, Pull Up Assist Bands - Workout Bands, Eexercise Bands, Long Resistance Bands Set for Working Out, Fitness, Training, Physical Therapy for Men Women",https://www.amazon.com/Resistance-Bands-Pull-Assist-Multicolor/dp/B0CGX2256B/,https://m.media-amazon.com/images/I/71ALgXGX21L._AC_UL320_.jpg,4.6,3574,$25.99,25.99
"LEEKEY Resistance Bands Set for Pull-Up Assistance & Full-Body Training, Multi-Level Exercise Bands with Bag for Home Workouts, Physical Therapy, Strength Training (Men/Women)",https://www.amazon.com/LEEKEY-Resistance-Band-Assist-Bands/dp/B0BXNP9ZP9/,https://m.media-amazon.com/images/I/71-Q92pbkwL._AC_UL320_.jpg,4.6,11569,$16.14,16.14
"HPYGN Resistance Bands, Exercise Bands with Handles, Fitness Bands, Workout Bands with Door Anchor and Ankle Straps, for Heavy Resistance Training, Physical Therapy, Shape Body, Yoga, Home Workout Set",https://www.amazon.com/HPYGN-Resistance-Exercise-Training-Physical/dp/B08CGJFW2Y/,https://m.media-amazon.com/images/I/81Xjzd8WYRL._AC_UL320_.jpg,4.5,10884,$18.88,18.88
"Resistance Bands, Professional Exercise Bands, Physical Therapy Bands for Strength Training, Yoga, Pilates, Stretching, Recovery, Stretch Elastic Band for Working Out, Workout Bands for Home Gym",https://www.amazon.com/Resistance-Bands-Professional-Exercise-Stretching/dp/B0DB7LP889/,https://m.media-amazon.com/images/I/71aXzocSNKL._AC_UL320_.jpg,4.5,863,$6.29,6.29
"Resistance Bands, 15 Pieces Exercise Elastic Bands Set, 20lbs to 40lbs Resistance Tubes with Heavy Duty Protective Nylon Sleeves Anti-Snap for Fitness SUPALAK",https://www.amazon.com/dp/B01MR6WRT7/,https://m.media-amazon.com/images/I/71uovIFCxXL._AC_UL320_.jpg,4.5,2666,$33.99,33.99
"Resistance Bands Professional 8,16, 25, 50 Yards Bulk Rolls. Latex-Free Elastic Physical Therapy Band. No Scent, No Powder - Perfect for Home Exercise, Yoga, Pilates, Gym, Rehab, Workout",https://www.amazon.com/dp/B096VVDCLW/,https://m.media-amazon.com/images/I/71B4uVaDRkL._AC_UL320_.jpg,4.3,619,$19.98,19.98
"THERABAND High Resistance Band, Elastic Super Bands for Improving Flexibility, Injury Rehab, & Full Body Workouts, Heavy Duty Stretch Bands for Powerlifting, Heavy, Blue, 35 lbs. Resistance",https://www.amazon.com/dp/B087GS4QCB/,https://m.media-amazon.com/images/I/61lJrKEI80L._AC_UL320_.jpg,4.5,507,$23.78,23.78
"Resistance Bands Set, Himaly Exercise Bands Strength Training Fitness Bands Workout Elastic Bands with Legs Ankle Straps, Door Anchor, Handles & Carry Bag for Home Outdoor Workouts",https://www.amazon.com/dp/B07V54LFDB/,https://m.media-amazon.com/images/I/71GCykfew2L._AC_UL320_.jpg,4.5,2272,$15.29,15.29
"VEICK Resistance Bands, Exercise Bands, Workout Bands, Resistance Bands for Working Out with Handles for Men and Women, Exercising Bands for Fitness Weights Work Out at Home",https://www.amazon.com/VEICK-Resistance-Exercise-Portable-Training/dp/B086X4PN48/,https://m.media-amazon.com/images/I/71F4LEZeoCL._AC_UL320_.jpg,4.6,22441,$26.97,26.97
"Pull Up Bands, Resistance Bands, Pull Up Assistance Band Exercise Bands for Men & Women Working Out, Body Stretching, Physical Therapy, Muscle Training",https://www.amazon.com/wsakoue-Resistance-Exercise-Stretching-Powerlifting/dp/B0827XGWKJ/,https://m.media-amazon.com/images/I/41IzHbUJPGL._AC_UL320_.jpg,4.6,2431,$6.99,6.99
"Resistance Bands, Pull Up Bands, Workout Bands for Exercise, Thick Heavy Resistance Band Set with Door Anchor, Elastic Bands for Body Stretching, Crossfit Training at Home/Gym Men & Women Women",https://www.amazon.com/WIKDAY-Resistance-Exercise-Stretching-Crossfit/dp/B08C7K77PS/,https://m.media-amazon.com/images/I/71RoFBJpKlL._AC_UL320_.jpg,4.6,3518,$23.99,23.99
"SUNPOW Pull Up Assistance Bands - Set of 5 Resistance Heavy Duty Workout Exercise Stretch Fitness Bands Assist Set for Body, Instruction Guide and Carry Bag Included",https://www.amazon.com/SUNPOW-Resistance-Assistance-Exercise-Powerlifting/dp/B07K1823XB/,https://m.media-amazon.com/images/I/614AO333IYL._AC_UL320_.jpg,4.6,8027,$28.47,28.47
"HPYGN Resistance Bands, Exercise Bands for Working Out, Workout Bands Men, Fitness Band with Handle, Door Anchor, Home Gym Equipment for Musle Training, Physical Therapy, Strength Training, Shape Body",https://www.amazon.com/dp/B08J8DZD5S/,https://m.media-amazon.com/images/I/81bDXpV3atL._AC_UL320_.jpg,4.6,2933,$21.99,21.99
"5 Pcs Professional Resistance Bands. Latex-Free, Elastic Band, Work Out Bands, Stretch Bands for Working Out Women or Men, Exercise Bands Set for Physical Therapy, Yoga, Pilates",https://www.amazon.com/dp/B0C5M1YDKQ/,https://m.media-amazon.com/images/I/61vh3p7XXUL._AC_UL320_.jpg,4.6,4463,$11.99,11.99
"Resistance Bands for Working Out, Exercise Bands for Physical Therapy, Stretch, Recovery, Pilates, Rehab, Strength Training and Yoga Starter Set",https://www.amazon.com/dp/B0BYMLYBB1/,https://m.media-amazon.com/images/I/71l7cS9K+GL._AC_UL320_.jpg,4.6,11881,$8.99,8.99
"DASKING Resistance Band Bar Set for Home Gym, 500LB Total Resistance with Longer Bar & 4 Stackable Bands, Detachable for Full Body Workouts, Door Anchor, Exercise Guide",https://www.amazon.com/dp/B09DCN665L/,https://m.media-amazon.com/images/I/814ClPvmgIL._AC_UL320_.jpg,4.4,349,$106.99,106.99
"Resistance Bands, Pull Up Bands, Exercise Workout Bands for Working Out, Pull Up Assistance Bands Set for Men & Women, Body Stretching, Physical Therapy, Muscle Training",https://www.amazon.com/Resistance-Assistance-Exercise-Stretching-Physical/dp/B0CGHLMJ47/,https://m.media-amazon.com/images/I/71qfCX8CICL._AC_UL320_.jpg,4.7,9695,$29.99,29.99
"THERABAND Resistance Bands Set, Beginner Kit, Yellow, Red, Green, Non-Latex Elastic Bands for Exercise & Physical Therapy, Strength Training Bands for Upper & Lower Body Fitness",https://www.amazon.com/TheraBand-Resistance-Professional-Non-Latex-Exercise/dp/B01A58FHQ8/,https://m.media-amazon.com/images/I/51qzaLPQ4GL._AC_UL320_.jpg,4.5,25944,$13.29,13.29
"Resistance Bands,Professional Long Non-Latex Elastic Stretch Bands,Exercise Bands for Physical Therapy, Yoga, Pilates, Rehab, at-Home or The Gym Workouts, Strength Training",https://www.amazon.com/AZURELIFE-Professional-Resistance-Different-Exercise/dp/B07Y2XXFF2/,https://m.media-amazon.com/images/I/51V7VxLg7QL._AC_UL320_.jpg,4.5,14587,$6.59,6.59
Resistance Band Pull up Band Fitness Exercise Bands Natural Latex for Workout Body Stretch Powerlifting Band Fitness Sport Training at Home/The Gym,https://www.amazon.com/ROSAPOAR-Resistance-Exercise-Powerlifting-Training/dp/B0CJB952PP/,https://m.media-amazon.com/images/I/41Y-aO4pRcL._AC_UL320_.jpg,4.6,786,$6.99,6.99
"THERABAND Resistance Band 25 Yard Roll, Non-Latex Professional Elastic Stretch Bands for Upper & Lower Body Exercise Workouts, Physical Therapy, Lower Pilates, Flexibility, & Rehab, Dispenser Box",https://www.amazon.com/TheraBand-Professional-Non-Latex-Resistance-Dispenser/dp/B000AXN2A2/,https://m.media-amazon.com/images/I/61qB-I5SZxL._AC_UL320_.jpg,4.7,1613,$42.91,42.91
"Pull Up Assistance Bands Set 5 LBS - 230 LBS, Long Resistance Bands for Pull Ups Working Out, Gym Workout Bands for Men Exercise Muscle Training and Shape Body - Carry Bag Included",https://www.amazon.com/YONKFUL-Pull-Assistance-Bands-Set/dp/B0CHYLLV2Z/,https://m.media-amazon.com/images/I/71eXE-aSJSL._AC_UL320_.jpg,4.4,348,$13.99,13.99
"Resistance Bands, Pull Up Bands, Pull Up Assist Band Exercise Bands for Men & Women Working Out, Body Stretching, Physical Therapy, Muscle Training",https://www.amazon.com/wsakoue-Assistance-Bands-Workout-Exercise/dp/B0827XBXGH/,https://m.media-amazon.com/images/I/414ObxWc5TL._AC_UL320_.jpg,4.6,3626,$6.99,6.99
"Pull Up Bands, Fitense Resistance Bands Set with Door Anchor, Stretching Assist Band, Portable Exercise, Muscle Training, Physical Therapy, Exercise Workout Bands for Working Out for Women",https://www.amazon.com/Fitense-Resistance-Stretching-Portable-Exercise/dp/B0DDC65RQ3/,https://m.media-amazon.com/images/I/71mkyXWqC9L._AC_UL320_.jpg,4.5,476,$16.99,16.99
"Exercise Resistance Bands with Handles for Working Out, 150/200/250/300 lbs Workout Bands Set with Door Anchor for Physical Therapy, Yoga, Pilates",https://www.amazon.com/WIKDAY-Resistance-Stretching-Equipment-Workouts%EF%BC%88Multicolor%EF%BC%89/dp/B0BTWC37WM/,https://m.media-amazon.com/images/I/71-+DblrpeL._AC_UL320_.jpg,4.5,994,$16.49,16.49
Heavy Duty Resistance Stretch Loop Bands for Powerlifting Workout Exercise and Assisted Pull Ups,https://www.amazon.com/Drapers-Strength-Powerlifting-Resistance-Stretching/dp/B00C35A9NS/,https://m.media-amazon.com/images/I/71rjpvQ6vPL._AC_UL320_.jpg,4.4,6585,$9.99,9.99
"Resistance Bands Set, Workout Bands with Handles, Door Anchor, Ankle Straps and Carry Bag, Exercise Bands for Shape Body and Home Workouts",https://www.amazon.com/Resistance-Exercise-Shoulders-Strength-Flexbands/dp/B088NSXTZ5/,https://m.media-amazon.com/images/I/71tZWqIEc5L._AC_UL320_.jpg,4.4,2430,$14.36,14.36
"Therapist’s Choice® Professional Non-Latex Resistance Bands for Upper and Lower Body Exercise Workouts, Physical Therapy, Lower Pilates, and Rehab, 25 Yard (75 Feet) Roll Bulk Roll",https://www.amazon.com/Therapists-Choice-Professional-Resistance-Blue-Medium/dp/B01MV631SN/,https://m.media-amazon.com/images/I/51Kln9PoY4L._AC_UL320_.jpg,4.3,174,$28.99,28.99
Amazon Basics Resistance Pull Up Bands,https://www.amazon.com/Amazon-Basics-Resistance-Inches-30-60/dp/B01FN7XBVO/,https://m.media-amazon.com/images/I/61JfCvl4UFL._AC_UL320_.jpg,4.5,10678,$8.54,8.54
"THERABAND Professional Latex Resistance Band Set, Pack of 7, Individual 6 Ft Elastic Band for Upper & Lower Body Exercise, Physical Therapy, Pilates, At-Home Workouts, 6 Foot Band, Levels 1 to 7",https://www.amazon.com/TheraBand-Resistance-Shoulders-Individual-Professional/dp/B07RF9FYM6/,https://m.media-amazon.com/images/I/61riakDiLrL._AC_UL320_.jpg,4.5,2127,$19.85,19.85
Fit Simplify Resistance Tube Bands 12 Piece Set with Instruction Booklet,https://www.amazon.com/Fit-Simplify-Resistance-Exercise-Instruction/dp/B01KS6DZ34/,https://m.media-amazon.com/images/I/7147HHebrcL._AC_UL320_.jpg,4.6,4654,$16.76,16.76
Pull-Up Bands - Resistance Bands for Women's Workout - Perfect for Gym & Home,https://www.amazon.com/Pull-Up-Resistance-Bands-Exercise-Bands-Assistance-Resistance/dp/B08887SLXW/,https://m.media-amazon.com/images/I/41TJ5ITe9ML._AC_UL320_.jpg,4.6,1719,$10.99,10.99
"Sammons Preston Resistance Bands for Working Out, Non-Latex Exercise Bands, Resistance Bands for Physical Therapy, Improve Strength & Flexibility, Stretch & Tone Major Muscles, 5pk",https://www.amazon.com/Sammons-Preston-Flexibility-Increasing-Resistance/dp/B0CLWB7HVP/,https://m.media-amazon.com/images/I/61AFbIIP5AL._AC_UL320_.jpg,4.5,467,$6.01,6.01
Pull Up Assistance Resistance Bands - Long Loop Power Bands for Men and Women - Strength Power Flexibility Training at Home & Gym - Ebooks & Workout Chart Included by Iron Core Fitness,https://www.amazon.com/Chin-Assist-Exercise-Bands-Calisthenics/dp/B082P8QNX3/,https://m.media-amazon.com/images/I/81jddP7o-sL._AC_UL320_.jpg,4.6,1630,$39.95,39.95
"3DActive Pull Up Assist Band - Resistance Band for Strength Training, Powerlifting, Body Stretching, Crossfit - Exercise Guide Included.",https://www.amazon.com/3DActive-Pull-Assist-Bands-Powerlifting/dp/B071DJW6XW/,https://m.media-amazon.com/images/I/51AUJbPB3dL._AC_UL320_.jpg,4.6,505,$12.99,12.99
"Resistance Bands Set, Pull Up Assist Bands - Stretch Resistance Band - Mobility Band Powerlifting Exercise Bands for Resistance Training, Physical Therapy, Home Workouts",https://www.amazon.com/WEKEFON-Assistance-5-170lbs-Resistance-Set/dp/B0922WHFV1/,https://m.media-amazon.com/images/I/71thU8g52JS._AC_UL320_.jpg,4.6,1184,$27.99,27.99
"Resistance Bands for Women & Men, Strength Training, Yoga & Home Workouts, Latex-Free Elastic Exercise Bands",https://www.amazon.com/Resistance-Strength-Training-Workouts-Latex-Free/dp/B0F7X4PG11/,https://m.media-amazon.com/images/I/61xaYvvgwpL._AC_UL320_.jpg,4.4,29,$4.59,4.59
"Gymreapers Resistance Bands for Working Out – Elastic Pull Up Exercise Assistance Bands Set for Powerlifting, Stretching, WOD, Strength Training – for Men & Women",https://www.amazon.com/Gymreapers-Resistance-Bands-Weight-Lifting/dp/B09BK33NFQ/,https://m.media-amazon.com/images/I/615FbYshpAL._AC_UL320_.jpg,4.6,532,$69.99,69.99
"WOD Nation Pull Up Assistance Bands (10-175lbs Band) - Best for Pullup Assist, Chin Ups, Resistance Bands Exercise, Stretch, Mobility Work & Serious Fitness - 41 inch Straps",https://www.amazon.com/WOD-Nation-Assistance-Resistance-Exercise/dp/B00P6E9V6E/,https://m.media-amazon.com/images/I/61Y8K1OuxXL._AC_UL320_.jpg,4.4,4723,$13.75,13.75
"Resistance Bands,Pull Up Bands,Stretching Assist Bands Set for Men & WomenPortable Exercise, Muscle Training,Physical Therapy,Exercise Workout Bands for Working Out",https://www.amazon.com/Resistance-Stretching-Portable-Weightlifting-Exercises/dp/B0C2KKTNZ4/,https://m.media-amazon.com/images/I/81ncDsQTQPL._AC_UL320_.jpg,4.6,1282,$15.97,15.97
"THERABAND Resistance Band, Green, Heavy, 50-Yard Roll, Latex-Free, Elastic Band for Exercise, Physical Therapy, Yoga, Pilates, Stretching, Home Workouts, Cut-to-Length, Color-Coded Levels",https://www.amazon.com/THERABAND-Resistance-Non-Latex-Professional-Intermediate/dp/B00UCHA00Q/,https://m.media-amazon.com/images/I/61ixRewiFkL._AC_UL320_.jpg,4.6,170,$90.01,90.01
"THERABAND High Resistance Bands, Set of 2 Elastic Super Bands for Improving Flexibility, Injury Rehab, & Full Body Workouts, Heavy Duty Stretch Bands for Lifting, 1 Light & 1 Medium Band",https://www.amazon.com/Theraband-Resistance-Improving-Flexibility-Workouts/dp/B087GFP7YW/,https://m.media-amazon.com/images/I/51EunI1E60L._AC_UL320_.jpg,4.5,507,$23.99,23.99
"THERABAND Resistance Band, Red, Medium, 50-Yard Roll, Latex Elastic Band for Exercise, Stretching, Physical Therapy, Yoga, Pilates, Home Workouts, Cut-to-Length, Color-Coded Levels",https://www.amazon.com/TheraBand-Resistance-Professional-Exercise-Physical/dp/B00066D636/,https://m.media-amazon.com/images/I/61BuavSlp3L._AC_UL320_.jpg,4.8,782,$75.50,75.5
"THERABAND Resistance Bands, 6 Yard Roll Professional Latex Elastic Band For Upper Body, Lower Body, & Core Exercise, Physical Therapy, Pilates, Home Workouts, & Rehab, Yellow, Thin, Level 2",https://www.amazon.com/TheraBand-Resistance-Professional-Exercise-Physical/dp/B000H63H5W/,https://m.media-amazon.com/images/I/617cLjPvV4L._AC_UL320_.jpg,4.6,6599,$12.12,12.12
"Pull Up Assistance Bands - Commercial Gym Quality 41"" Loop Exercise Pull-Up Bands - 4 Different Resistance Levels to Choose from",https://www.amazon.com/Iron-Core-Athletics-Exercise-Band/dp/B00U3342TE/,https://m.media-amazon.com/images/I/61r2eCudf8L._AC_UL320_.jpg,4.5,812,$7.75,7.75
"Body Sport Exercise Bands - Resistance Bands in 50 yard Rolls for Fitness, Stretching, or Physical Therapy",https://www.amazon.com/Body-Sport-Exercise-Bands-Resistance/dp/B0090TYN6E/,https://m.media-amazon.com/images/I/61DI9zOzl1L._AC_UL320_.jpg,4.5,93,$72.98,72.98
"Serious Steel 41"" Assisted Pull-up Band, Heavy Duty Resistance Band Sets, Stretching, Powerlifting, Resistance Training and Pull Up Assistance Bands",https://www.amazon.com/Serious-Steel-Assisted-Pull-Up-Resistance/dp/B01LY5WJZ0/,https://m.media-amazon.com/images/I/71MmbWJQMaL._AC_UL320_.jpg,4.7,977,$119.00,119.0
"SERIOUS STEEL FITNESS Assisted 41"" Pull-Up Band, Resistance & Stretch, Powerlifting & Pull-up Assist Loop (Single Band)",https://www.amazon.com/SERIOUS-STEEL-FITNESS-Resistance-Powerlifting/dp/B00KLMU03O/,https://m.media-amazon.com/images/I/71zAFSSB-eL._AC_UL320_.jpg,4.7,3248,$21.90,21.9
"Resistance Bands Set, Himaly Exercise Bands Strength Training Fitness Bands Workout Elastic Bands with Legs Ankle Straps, Door Anchor, Handles & Carry Bag for Home Outdoor Workouts",https://www.amazon.com/himaly-Exercise-Resistance-Strength-Equipment/dp/B07V54LFDB/,https://m.media-amazon.com/images/I/71GCykfew2L._AC_UL320_.jpg,4.5,2272,$15.29,15.29
"Kinetic Bands Space Saver Gym Resistance Bands Exercise Equipment for at Home Fitness Workout | Resistance Band Wall Anchor with 2 Rails, 2 Rail Cars",https://www.amazon.com/Resistance-Bands-Exercise-Equipment-Without/dp/B0825F2GP8/,https://m.media-amazon.com/images/I/518D3R08BJL._AC_UL320_.jpg,4.7,238,$119.95,119.95
"Resistance Bands Professional Bulk Rolls. Elastic Physical Therapy Band. Resistance Bands Elastic Exercise Bands for Recovery, Physical Therapy, Yoga, Pilates, Rehab,Fitness",https://www.amazon.com/Resistance-Professional-Latex-Free-Exercise-Physical/dp/B0C5M6QZQR/,https://m.media-amazon.com/images/I/61RpmvQUK3L._AC_UL320_.jpg,4.2,70,$12.99,12.99
"41” Resistance Loop Band - Pair of 2 Orange Resistance Bands (5 to 15 Pounds - 0.25 inches Wide) for Mobility, Yoga, Physical Therapy, Pull Ups, Home or Gym Workouts and More",https://www.amazon.com/4KOR-Fitness-Resistance-Orange-Bands/dp/B08F9G817S/,https://m.media-amazon.com/images/I/61Vlkn5V49L._AC_UL320_.jpg,4.6,144,$17.47,17.47
"Professional 8 Yards Bulk Resistance Bands Rolls or 5,6,7 ft. Long Non-Latex Elastic Exercise Bands, Stretch Bands for PT, Yoga, Pilates, Rehab, at-Home or The Gym Workouts",https://www.amazon.com/AZURELIFE-Resistance-Professional-Non-Latex-Exercise/dp/B07Y32ZNSM/,https://m.media-amazon.com/images/I/51lovacNjOL._AC_UL320_.jpg,4.4,1158,$7.90,7.9
"Resistance Bands for Working Out, Exercise Bands for Physical Therapy, Stretch, Recovery, Pilates, Rehab, Strength Training and Yoga Starter Set",https://www.amazon.com/RENRANRING-Resistance-Exercise-Physical-Recovery/dp/B0BYMLYBB1/,https://m.media-amazon.com/images/I/71l7cS9K+GL._AC_UL320_.jpg,4.6,11881,$8.99,8.99
"Resistance Bands Pull Up Assistance Bands, Long Exercise Workout Bands Set with Handles and Door Anchor, Elastic Band for Working Out, Body Stretching, Muscle Training, Men Women",https://www.amazon.com/dp/B0F61G2HNG/,https://m.media-amazon.com/images/I/71vGMjBGMrL._AC_UL320_.jpg,4.2,9,$23.69,23.69
"HPYGN Resistance Bands, Exercise Bands with Handles, Fitness Bands, Workout Bands with Door Anchor and Ankle Straps, for Heavy Resistance Training, Physical Therapy, Shape Body, Yoga, Home Workout Set",https://www.amazon.com/dp/B08CGJFW2Y/,https://m.media-amazon.com/images/I/81Xjzd8WYRL._AC_UL320_.jpg,4.5,10884,$18.88,18.88
"THERABAND High Resistance Band, Elastic Super Bands for Improving Flexibility, Injury Rehab, & Full Body Workouts, Heavy Duty Stretch Bands for Powerlifting, Heavy, Blue, 35 lbs. Resistance",https://www.amazon.com/dp/B087GS4QCB/,https://m.media-amazon.com/images/I/61lJrKEI80L._AC_UL320_.jpg,4.5,507,$23.78,23.78
"SERIOUS STEEL FITNESS Assisted 41"" Pull-Up Band, Resistance & Stretch, Powerlifting & Pull-up Assist Loop (Single Band)",https://www.amazon.com/dp/B00KLMU1YC/,https://m.media-amazon.com/images/I/71BlLnZZqiL._AC_UL320_.jpg,4.7,3248,$36.90,36.9
"Resistance Bands for Working Out, Exercise Bands for Physical Therapy, Stretch, Recovery, Pilates, Rehab, Strength Training and Yoga Starter Set",https://www.amazon.com/RENRANRING-Resistance-Exercise-Physical-Recovery/dp/B0BYMLYBB1/,https://m.media-amazon.com/images/I/71l7cS9K+GL._AC_UL320_.jpg,4.6,11881,$8.99,8.99
"Resistance Bands for Women & Men, Strength Training, Yoga & Home Workouts, Latex-Free Elastic Exercise Bands",https://www.amazon.com/Resistance-Strength-Training-Workouts-Latex-Free/dp/B0F7X4PG11/,https://m.media-amazon.com/images/I/61xaYvvgwpL._AC_UL320_.jpg,4.4,29,$4.59,4.59
"Resistance Bands Professional 8,16, 25, 50 Yards Bulk Rolls. Latex-Free Elastic Physical Therapy Band. No Scent, No Powder - Perfect for Home Exercise, Yoga, Pilates, Gym, Rehab, Workout",https://www.amazon.com/Starktape-Resistance-Professional-Non-Latex-Training/dp/B096VWYKVP/,https://m.media-amazon.com/images/I/711cf3Kjq-L._AC_UL320_.jpg,4.3,619,$21.98,21.98
Gaiam Restore Strength and Flexibility Resistance Band Kit Set,https://www.amazon.com/Gaiam-Restore-Strength-Flexibility-Kit/dp/B008R79T0K/,https://m.media-amazon.com/images/I/71H5XB3UncL._AC_UL320_.jpg,4.6,587,$14.98,14.98
"Pull Up Assistance Bands - Commercial Gym Quality 41"" Loop Exercise Pull-Up Bands - 4 Different Resistance Levels to Choose from",https://www.amazon.com/Iron-Core-Athletics-Exercise-Band/dp/B00U3342TE/,https://m.media-amazon.com/images/I/61r2eCudf8L._AC_UL320_.jpg,4.5,812,$7.75,7.75
"WHATAFIT Resistance Bands, Pull Up Assistance Bands, Exercise Bands, Workout Bands Set for Men and Women Home Fitness, Body Stretching, Strength Training, Physical Therapy",https://www.amazon.com/WHATAFIT-Resistance-Exercise-Bands%EF%BC%8CResistance-Equipment/dp/B0CP23P21Z/,https://m.media-amazon.com/images/I/71aC+ahKiDL._AC_UL320_.jpg,4.6,4679,$23.99,23.99
"Brebebe Door Anchor Strap for Resistance Bands Exercises, Multi Point Anchor Gym Attachment for Home Fitness, Portable Door Band Resistance Workout Equipment, Easy to Install, Punch-Free, Nail-Free",https://www.amazon.com/dp/B0BGPM5TV3/,https://m.media-amazon.com/images/I/71NgEvMICsL._AC_UL320_.jpg,4.4,3007,$28.99,28.99
"Resistance Bands, 15 Pieces Exercise Elastic Bands Set, 20lbs to 40lbs Resistance Tubes with Heavy Duty Protective Nylon Sleeves Anti-Snap for Fitness SUPALAK",https://www.amazon.com/dp/B01MR6WRT7/,https://m.media-amazon.com/images/I/71uovIFCxXL._AC_UL320_.jpg,4.5,2666,$33.99,33.99
"5 Pcs Resistance Bands, Professional Exercise Bands Elastic Stretch Bands for Fitness Yoga Pilates Stretching Strength Training, Workout Bands for Women and Men Home Gym",https://www.amazon.com/dp/B0D1C1N355/,https://m.media-amazon.com/images/I/71ez5aKudmL._AC_UL320_.jpg,4.5,1021,$8.99,8.99
"Resistance Bands, Exercise Elastic Bands Set, 40Lb To 80Lb Workout Bands with Handles Protective Sleeves Door Anchor Ankle Strap, Resistance Bands for Working Out With Handles - up to 300Lbs YLUERTDOO",https://www.amazon.com/dp/B0CZ71PNVM/,https://m.media-amazon.com/images/I/81IsKptxW1L._AC_UL320_.jpg,4.0,47,$44.99,44.99
"Resistance Bands Professional Bulk Rolls. Elastic Physical Therapy Band. Resistance Bands Elastic Exercise Bands for Recovery, Physical Therapy, Yoga, Pilates, Rehab,Fitness",https://www.amazon.com/Resistance-Professional-Latex-Free-Exercise-Physical/dp/B0C5M6QZQR/,https://m.media-amazon.com/images/I/61RpmvQUK3L._AC_UL320_.jpg,4.2,70,$12.99,12.99
"Professional 8 Yards Bulk Resistance Bands Rolls or 5,6,7 ft. Long Non-Latex Elastic Exercise Bands, Stretch Bands for PT, Yoga, Pilates, Rehab, at-Home or The Gym Workouts",https://www.amazon.com/AZURELIFE-Resistance-Professional-Non-Latex-Exercise/dp/B07Y32ZNSM/,https://m.media-amazon.com/images/I/51lovacNjOL._AC_UL320_.jpg,4.4,1158,$7.90,7.9
"Heavy Resistance Bands for Working Out, 300lbs/360lb/420lb Exercise Bands Workout Bands with Handles, Door Anchor, Ankle Straps, Home Gym Workout Equipment for Men Fitness Strength Training Stretching",https://www.amazon.com/Exercise-Resistance-Equipment-Strength-Stretching/dp/B0C36XS554/,https://m.media-amazon.com/images/I/81BqG9MQfjL._AC_UL320_.jpg,4.7,517,$39.99,39.99
"THERABAND Professional Latex Resistance Bands For Rehabilitation, Portable Fitness and Workout, Home Exercise, 5 Foot, Green, Heavy, Level 4, Individual Package",https://www.amazon.com/Professional-Resistance-Rehabilitation-Intermediate-Individual/dp/B01D0041NI/,https://m.media-amazon.com/images/I/61tOBZ6bGIL._AC_UL320_.jpg,4.5,1634,$8.04,8.04
Hommie Portable Pilates Bar Kit with Resistance Bands for Men and Women，Upgraded 3 Section Pilates Bar with Resistance Bands (20-60lb) for Home Gym Equipment Supports Full-Body,https://www.amazon.com/dp/B0BFR2SMQ7/,https://m.media-amazon.com/images/I/71n1HMgSpxL._AC_UL320_.jpg,4.3,1450,$39.99,39.99
"Resistance Bands,Professional Long Non-Latex Elastic Stretch Bands,Exercise Bands for Physical Therapy, Yoga, Pilates, Rehab, at-Home or The Gym Workouts, Strength Training",https://www.amazon.com/dp/B07Y2XXFF2/,https://m.media-amazon.com/images/I/51V7VxLg7QL._AC_UL320_.jpg,4.5,14587,$6.59,6.59
"Resistance Band for Working Out - 8,16,24 Yard Resistance Bands Bulk Rolls - 10 Strengths in Light Medium and Heavy Exercise Bands - Latex Free Workout Bands Including iPhone App and e-Book",https://www.amazon.com/dp/B072KCXJMX/,https://m.media-amazon.com/images/I/81rTWyJPAML._AC_UL320_.jpg,4.4,605,$25.41,25.41
"Zenmarkt Ballet Stretch Bands for Flexibility and Strength - Stretch Bands Ideal to Have as Dance Equipment in Every Competition - Suitable for Gymnastics, Cheerleading, and Pilates Training",https://www.amazon.com/dp/B089B5S4SP/,https://m.media-amazon.com/images/I/81WKuZgVxjL._AC_UL320_.jpg,4.6,808,$17.45,17.45
Pull Up Assistance Resistance Bands - Long Loop Power Bands for Men and Women - Strength Power Flexibility Training at Home & Gym - Ebooks & Workout Chart Included by Iron Core Fitness,https://www.amazon.com/Chin-Assist-Exercise-Bands-Calisthenics/dp/B082P8QNX3/,https://m.media-amazon.com/images/I/81jddP7o-sL._AC_UL320_.jpg,4.6,1630,$39.95,39.95
"Body Sport Exercise Bands - Resistance Bands in 50 yard Rolls for Fitness, Stretching, or Physical Therapy",https://www.amazon.com/Body-Sport-Exercise-Bands-Resistance/dp/B0090TYN6E/,https://m.media-amazon.com/images/I/61DI9zOzl1L._AC_UL320_.jpg,4.5,93,$72.98,72.98
"POWER GUIDANCE Pull Up Assist Bands - Stretch Resistance Band - Mobility Band - Powerlifting Bands - by Perfect for Body Stretching, Powerlifting, Resistance Training",https://www.amazon.com/POWER-GUIDANCE-Assisted-Resistance-Exercise/dp/B018K44B52/,https://m.media-amazon.com/images/I/61BUJNGh11L._AC_UL320_.jpg,4.4,1380,$10.99,10.99
"WALITO Resistance Bands for Working Out, Exercise Bands for Women and Men, Workout Bands for Physical Therapy, Stretch, Recovery, Pilates, Rehab, Strength Training and Home Gym",https://www.amazon.com/WALITO-Resistance-Exercise-Physical-Recovery/dp/B0D3QFJBQW/,https://m.media-amazon.com/images/I/61uyF+UkpRL._AC_UL320_.jpg,4.6,629,$8.99,8.99
"5 Pcs Resistance Bands, Professional Exercise Bands Elastic Stretch Bands for Fitness Yoga Pilates Stretching Strength Training, Workout Bands for Women and Men Home Gym",https://www.amazon.com/Resistance-Exercise-Stretching-Strength-Training/dp/B0D1C1N355/,https://m.media-amazon.com/images/I/71ez5aKudmL._AC_UL320_.jpg,4.5,1021,$8.99,8.99
"LEEKEY Resistance Bands, Exercise Bands with Handles,Pull Up Assist Bands - Bands for Working Out,Band for Men and Women Fitness Training, Physical Therapy,Home Workouts",https://www.amazon.com/LEEKEY-Resistance-Band-Assist-Bands/dp/B0CGR9G7V4/,https://m.media-amazon.com/images/I/71gYgT9EnoL._AC_UL320_.jpg,4.6,415,$26.99,26.99
"ProsourceFit Single Stackable Resistance Bands with Door Anchor and Exercise Guide, 8-12 LB, Heavy Duty Fitness Tube for Full-Body Exercises and Home Workouts",https://www.amazon.com/Prosource-Resistance-Attached-Carrying-Exercise/dp/B005D7GJQE/,https://m.media-amazon.com/images/I/81Fca0VV61L._AC_UL320_.jpg,4.5,2734,$29.99,29.99
"Functional Fitness Pull Up Assist Resistance Bands | Heavy Duty Exercise Bands for Powerlifting, Mobility, and Stretching | Travel Friendly Resistance Bands for Workout",https://www.amazon.com/Functional-Fitness-Pull-Assistance-Bands/dp/B00JS86IQU/,https://m.media-amazon.com/images/I/61nSeDUVFFL._AC_UL320_.jpg,4.5,847,$6.49,6.49
"Resistance Bands for Working Out, Pull Up Assistance Bands, Exercise Workout Bands for Men & Women, Gym Bands with Door Anchor & Handle, Stretching Bands for Physical Therapy, Muscle Training",https://www.amazon.com/Kovixsc-Resistance-Assistance-Exercise-Stretching/dp/B0FCLX5WSF/,https://m.media-amazon.com/images/I/71+F5V3axVL._AC_UL320_.jpg,4.5,25,$24.98,24.98
"RitFit Pull Up Assist Band - Premium Resistance Band for Pull Up Assistance, Resistance Training, Body Stretching, Powerlifting, Mobility Training",https://www.amazon.com/RitFit-Pull-Assist-Band-Powerlifting/dp/B07JMTKGQM/,https://m.media-amazon.com/images/I/61qpXm2wQ6L._AC_UL320_.jpg,4.6,1793,$10.49,10.49
"HPYGN Resistance Bands, Exercise Bands for Working Out, Workout Bands Men, Fitness Band with Handle, Door Anchor, Home Gym Equipment for Musle Training, Physical Therapy, Strength Training, Shape Body",https://www.amazon.com/Resistance-Bands-Set-Workout-Handles/dp/B08J8DZD5S/,https://m.media-amazon.com/images/I/81bDXpV3atL._AC_UL320_.jpg,4.6,2933,$21.99,21.99
"CanDo Low Powder Exercise Band, 6 yard Roll, Green: Medium",https://www.amazon.com/CanDo-Powder-Exercise-Band-Green/dp/B000ARGTI0/,https://m.media-amazon.com/images/I/71XjvS5+XLL._AC_UL320_.jpg,4.5,159,$17.85,17.85
"SPRI Superbands - Resistance Band for Assisted Pull-ups, Core Fitness, and Strength Training Resistance Exercises - Versatile Tool for Flexibility, Stamina, and Balance - 1"", Red",https://www.amazon.com/SPRI-Super-Band-40-Inch/dp/B003TKUUZI/,https://m.media-amazon.com/images/I/71u2Xjl5vQL._AC_UL320_.jpg,4.4,70,$4.90,4.9
4 Pack Long Resistance Bands Set Fabric for Women Elastic Fitness Bands for Working Out Pull up Assist Exercise Resistance Bands for Men Women Butt and Legs for Home Gym,https://www.amazon.com/Resistance-Elastic-Fitness-Working-Exercise/dp/B08LV2JJ1Q/,https://m.media-amazon.com/images/I/71VV62wLEqL._AC_UL320_.jpg,4.6,78,$20.99,20.99
"Retrospec Train Resistance Bands Workout Bands w/Handles, Door Anchor, Carry Bag for Women & Men, Undertow, Set (5pc)",https://www.amazon.com/Retrospec-Resistance-Workout-Handles-Anchor/dp/B0971KT4X2/,https://m.media-amazon.com/images/I/91HXrxqk5kS._AC_UL320_.jpg,4.5,367,$26.99,26.99
"Rubberbanditz Pull Up Assist Resistance Bands Heavy Duty Loop Exercise Workout Bands for Powerlifting, Mobility, and Stretching",https://www.amazon.com/Rubberbanditz-Resistance-Exercise-Powerlifting-Stretching/dp/B00W4CQBN2/,https://m.media-amazon.com/images/I/81w58BM6jlL._AC_UL320_.jpg,4.6,409,$7.95,7.95
"Resistance Bands with Handles and Door Anchor, Gym Resistance Tubes for Strength Training, Exercise Bands for Working Out, Physical Therapy, Home Workouts, Pilates & Crossfit",https://www.amazon.com/Atemi-Sports-Resistance-Strength-Physiotherapy/dp/B07SX923NL/,https://m.media-amazon.com/images/I/710fzrETI7L._AC_UL320_.jpg,4.6,2072,$5.95,5.95
"Brebebe Door Anchor Strap for Resistance Bands Exercises, Multi Point Anchor Gym Attachment for Home Fitness, Portable Door Band Resistance Workout Equipment, Easy to Install, Punch-Free, Nail-Free",https://www.amazon.com/Brebebe-Resistance-Exercises-Attachment-Punch-Free/dp/B098NS81H8/,https://m.media-amazon.com/images/I/71q7f-j6ZEL._AC_UL320_.jpg,4.4,3007,$19.99,19.99
"Therapist’s Choice® Resistance Bands for Working Out, Physical Therapy Bands, Elastic and Exercise Bands Set for Stretching, Suitable for Rehab, Yoga, Pilates, Gym, Home Exercise",https://www.amazon.com/Therapists-Resistance-Physical-Exercise-Stretching/dp/B0D3NSYLGR/,https://m.media-amazon.com/images/I/51qTHgvYKLL._AC_UL320_.jpg,4.8,42,$8.99,8.99
SPRI® Superband,https://www.amazon.com/SPRI-Superbands-Resistance-Exercises-Flexibility/dp/B003TKUV2A/,https://m.media-amazon.com/images/I/61fQ7EVF9vL._AC_UL320_.jpg,4.6,118,$6.60,6.6
"londys Resistance Bands for Working Out, Exercise Bands, Physical Therapy Equipment, 59 Inch Non-Latex Stretching Yoga Strap for Upper & Lower Body, Workouts & Rehab at Home-5 Progressive Resistance",https://www.amazon.com/londys-Resistance-Equipment-Stretching-Progressive/dp/B0B5N99RX1/,https://m.media-amazon.com/images/I/711S1--K4XL._AC_UL320_.jpg,4.4,1720,$6.99,6.99
"Resistance Bands Set. 3 or 5 Pack Non-Latex Physical Therapy, Professional Elastic Band. Perfect for Home Exercise, Workout, Strength Training, Yoga, Pilates, Rehab, Gym",https://www.amazon.com/Resistance-Non-Latex-Physical-Professional-Exercise/dp/B0876XC2RD/,https://m.media-amazon.com/images/I/81f+t-mUqEL._AC_UL320_.jpg,4.4,2979,$19.98,19.98
"SPRI Superbands - Resistance Band for Assisted Pull-ups, Core Fitness, and Strength Training Resistance Exercises - Versatile Tool for Flexibility, Stamina, and Balance - 1.75"", Blue",https://www.amazon.com/SPRI-Superbands-Resistance-Exercises-Flexibility/dp/B003TKQVW4/,https://m.media-amazon.com/images/I/518emnYIpKL._AC_UL320_.jpg,4.0,89,$5.35,5.35
"Resistance Bands Set, 3 Pack Professional Latex Elastic Bands for Home or Gym Upper & Lower Body Exercise, Physical Therapy, Strength Training, Yoga, Pilates, Rehab, Blue & Purple & Pink",https://www.amazon.com/Resistance-Professional-Exercise-Physical-Strength/dp/B07VK3FF14/,https://m.media-amazon.com/images/I/61HAANKxFOL._AC_UL320_.jpg,4.4,3653,$12.99,12.99
"Resistance Bands, Exercise Bands, Physical Therapy Bands for Strength Training, Yoga, Pilates, Stretch Elastic Band with Different Strengths, Workout Bands for Home Gym",https://www.amazon.com/Resistance-Exercise-Physical-Strength-Training/dp/B0CG648297/,https://m.media-amazon.com/images/I/61U6-B0DRnL._AC_UL320_.jpg,4.6,13304,$9.99,9.99
"SPRI Resistance Band Kit - Resistance Training Interchangeable Tubes for Full Body Toning - Includes 5 Exercise Bands, Ankle/Wrist Strap with Padded Handles, Door Anchor, Exercise Guide, Carry Bag",https://www.amazon.com/SPRI-07-71682-Resistance-Band-Kit/dp/B079QHQJQ5/,https://m.media-amazon.com/images/I/81jTRwLo8CL._AC_UL320_.jpg,4.4,550,$25.94,25.94
"RitFit Single Resistance Exercise Band with Comfortable Handles - Ideal for Physical Therapy, Strength Training, Muscle Toning - Door Anchor and Starter Guide Included",https://www.amazon.com/RitFit-Resistance-Exercise-Comfortable-Handles/dp/B07K6CNXNB/,https://m.media-amazon.com/images/I/61P7aqWVy8L._AC_UL320_.jpg,4.6,8450,$15.49,15.49
"WOD Nation Pull Up Assistance Bands (10-175lbs Band) - Best for Pullup Assist, Chin Ups, Resistance Bands Exercise, Stretch, Mobility Work & Serious Fitness - 41 inch Straps",https://www.amazon.com/WOD-Nation-Resistance-Bands-Women/dp/B00P7INE1M/,https://m.media-amazon.com/images/I/61lKyqgoyEL._AC_UL320_.jpg,4.4,4723,$19.92,19.92
Tking Resistance Bands 140LBS Pull Up Bands Weight Lifting Pull Ups Workout Heavy Resistance Band Assistance Band for Powerlifting Stretching Strength Body Stretching Crossfit Muscle Training Man Gym,https://www.amazon.com/Tking-Resistance-Assistance-Powerlifting-Stretching/dp/B0DYV1L5NG/,https://m.media-amazon.com/images/I/710VleyHnHL._AC_UL320_.jpg,4.6,13,$15.99,15.99
"URBNFit Professional Resistance Bands - 25 Yards (75ft) Latex-Free Elastic Exercise Fitness Band Roll - No Scent, No Powder - Perfect for Physical Therapy & Rehab, Yoga, Pilates",https://www.amazon.com/Professional-Resistance-Bands-Latex-Free-Exercise/dp/B07QZQ8Y2B/,https://m.media-amazon.com/images/I/719cJ2ynFeL._AC_UL320_.jpg,4.6,289,$13.99,13.99
"PULLUP & DIP Fitness Bands, Resistance Bands with Bag, Door Anchor (with Sets) and Exercise Guide - Single & in Value Set, Pull-Up Band Fitness Band for Calisthenics",https://www.amazon.com/IFLOVE-Equipment-Workouts-Excerise-Resistance/dp/B07B3GCK88/,https://m.media-amazon.com/images/I/71Hl1Jrs1pL._AC_UL320_.jpg,4.3,4089,$10.90,10.9
"EILISON Resistance Band Kit with Heavy Duty Protective Sleeves for Safe Workout and Soft Anti-Slip Foam Handle, Door Anchor, Ankle Strap for Men and Women Stackable",https://www.amazon.com/EILISON-Resistance-Protective-Anti-Slip-Stackable/dp/B08CDHV5QY/,https://m.media-amazon.com/images/I/61ffnoZo5wL._AC_UL320_.jpg,4.4,395,$40.99,40.99
"THERABAND Latex Resistance Tubing, Green, Heavy, Level 3, 100 ft Roll, Professional Grade Resistance Band for Exercise, Upper and Lower Body Workouts, Cut-to-Length, Color-Coded Levels",https://www.amazon.com/TheraBand-Resistance-Professional-Exercise-Intermediate/dp/B00MY1J0UY/,https://m.media-amazon.com/images/I/71y7M2S-zCL._AC_UL320_.jpg,4.4,277,$40.32,40.32
"CanDo CanDo Latex-Free Exercise Band, 5-Foot Singles",https://www.amazon.com/Fabrication-Enterprises-CanDo-Latex-Exercise/dp/B07CYZT6QN/,https://m.media-amazon.com/images/I/51d8NNHKnkS._AC_UL320_.jpg,4.1,27,$7.17,7.17
"TOMSHOO 5 Packs Pull up Assist Bands, Resistance Bands with Straps Handles and Door Anchor, Stretch Bands,Exercise Bands with Guide for Fitness",https://www.amazon.com/TOMSHOO-Resistance-Self-Designed-Powerlifting-Training/dp/B079KZK7LT/,https://m.media-amazon.com/images/I/719xzb5FrwL._AC_UL320_.jpg,4.6,4854,$25.64,25.64
"VEICK Resistance Bands for Working Out, Exercise Bands, Workout Bands, Pull Up Assistance Bands, Long Heavy Stretch Bands Set for Men and Women, Power Weight Gym at Home Fitness Equipment",https://www.amazon.com/VEICK-Resistance-Exercise-Training-Strength/dp/B089ZW32GF/,https://m.media-amazon.com/images/I/6101qVG9WSS._AC_UL320_.jpg,4.6,1879,$14.49,14.49
"DASKING Resistance Band Bar Set for Home Gym, 500LB Total Resistance with Longer Bar & 4 Stackable Bands, Detachable for Full Body Workouts, Door Anchor, Exercise Guide",https://www.amazon.com/Portable-Resistance-Stackable-Detachable-Equipment/dp/B09F9QMMQK/,https://m.media-amazon.com/images/I/71r68Mgmi+L._AC_UL320_.jpg,4.4,349,$109.99,109.99
"Resistance Bands, Elastic Exercise Bands for Working Out, Physical Therapy, Recovery, Yoga, Pilates, Strength Training",https://www.amazon.com/MOKOSS-Exercise-Resistance-Professional-Stretching/dp/B07J4W12YT/,https://m.media-amazon.com/images/I/61vzcaqq+ML._AC_UL320_.jpg,4.3,5078,$6.98,6.98
